128.078125,-345.3613445378151,-367.9916666666667,-89.5421052631579,-171.59459459459458
140.1796875,-342.79831932773106,-346.64166666666665,-91.61578947368422,-185.48648648648648
135.1875,-333.6302521008403,-336.325,-84.07368421052631,-201.13513513513513
101.8515625,-323.0840336134454,-344.9583333333333,-58.94736842105263,-192.47297297297297
75.8203125,-317.97478991596637,-365.325,-34.61052631578947,-170.93243243243242
97.25,-311.29411764705884,-396.3666666666667,-37.05789473684211,-151.1081081081081
147.015625,-293.00840336134456,-421.03333333333336,-58.84736842105263,-126.6891891891892
173.390625,-273.92436974789916,-426.2916666666667,-71.14736842105263,-96.78378378378379
176.0078125,-275.781512605042,-428.46666666666664,-65.35263157894737,-61.7972972972973
188.0,-296.92436974789916,-434.325,-50.89473684210526,-32.17567567567568
210.765625,-319.52100840336135,-446.84166666666664,-31.789473684210527,-21.62162162162162
230.859375,-334.9159663865546,-469.1166666666667,-2.8947368421052633,-19.824324324324323
243.8671875,-346.5546218487395,-481.46666666666664,34.02105263157895,-13.472972972972974
243.375,-351.5798319327731,-480.0833333333333,68.60526315789474,-2.22972972972973
224.6328125,-347.88235294117646,-485.475,94.55263157894737,18.10810810810811
201.1015625,-348.2268907563025,-496.6666666666667,109.65789473684211,47.66216216216216
181.703125,-356.85714285714283,-499.6,118.62105263157895,71.6891891891892
164.5234375,-367.01680672268907,-483.80833333333334,129.5157894736842,83.93243243243244
152.734375,-370.78991596638656,-447.425,143.5,80.13513513513513
149.109375,-363.781512605042,-406.2083333333333,158.86315789473684,64.35135135135135
152.953125,-356.4873949579832,-376.625,173.77894736842106,58.13513513513514
158.890625,-344.69747899159665,-367.7083333333333,186.5,72.16216216216216
169.8203125,-311.78991596638656,-370.3666666666667,193.17368421052632,103.06756756756756
194.4921875,-272.3613445378151,-361.51666666666665,196.49473684210525,136.16216216216216
217.9765625,-250.890756302521,-334.375,202.6263157894737,151.32432432432432
216.640625,-248.87394957983193,-297.46666666666664,214.08947368421053,152.24324324324326
205.328125,-258.8067226890756,-263.0833333333333,231.83684210526314,155.35135135135135
208.65625,-278.2436974789916,-246.14166666666668,248.11052631578949,162.3108108108108
211.125,-309.2352941176471,-249.43333333333334,262.62631578947367,178.2027027027027
201.2890625,-343.8151260504202,-266.39166666666665,279.87894736842105,194.25675675675674
199.765625,-358.70588235294116,-292.76666666666665,294.41052631578947,202.3108108108108
211.484375,-354.07563025210084,-315.73333333333335,305.86315789473684,213.05405405405406
220.9765625,-356.6890756302521,-320.0833333333333,315.92105263157896,224.51351351351352
224.40625,-363.34453781512605,-312.55833333333334,322.3315789473684,229.02702702702703
223.8203125,-357.61344537815125,-308.48333333333335,323.65263157894736,213.85135135135135
215.7734375,-350.2773109243698,-307.2416666666667,324.5578947368421,177.47297297297297
200.625,-348.52100840336135,-302.05,329.9315789473684,145.14864864864865
182.5859375,-341.66386554621846,-281.2416666666667,335.3315789473684,131.09459459459458
169.375,-318.6302521008403,-247.325,338.61578947368423,120.35135135135135
164.4453125,-274.7226890756302,-225.025,336.85263157894735,113.56756756756756
157.40625,-218.41176470588235,-222.49166666666667,329.4894736842105,128.45945945945945
144.734375,-174.07563025210084,-222.66666666666666,330.03684210526313,156.59459459459458
137.7421875,-156.21848739495798,-211.19166666666666,341.5736842105263,191.35135135135135
132.609375,-155.9579831932773,-200.00833333333333,350.44736842105266,231.24324324324326
116.984375,-161.48739495798318,-203.61666666666667,353.93684210526317,265.52702702702703
89.5078125,-169.8235294117647,-211.36666666666667,361.7684210526316,295.6081081081081
56.6328125,-170.65546218487395,-209.03333333333333,374.7368421052632,330.1621621621622
39.3515625,-157.9075630252101,-196.9,386.03684210526313,368.2162162162162
43.890625,-146.7058823529412,-183.36666666666667,390.30526315789473,395.64864864864865
63.3359375,-142.98319327731093,-161.1,391.9526315789474,393.18918918918916
95.7578125,-136.46218487394958,-121.78333333333333,399.2736842105263,362.0135135135135
121.6796875,-123.89075630252101,-83.83333333333333,405.9947368421053,330.0
129.140625,-110.72268907563026,-52.791666666666664,410.4842105263158,320.7567567567568
125.8359375,-101.69747899159664,-17.358333333333334,424.79473684210524,327.3243243243243
114.953125,-101.4873949579832,11.316666666666666,442.42105263157896,326.8783783783784
113.8984375,-108.5126050420168,16.883333333333333,446.4947368421053,306.36486486486484
137.328125,-109.6470588235294,2.6,441.0421052631579,272.97297297297297
157.28125,-96.6218487394958,-17.175,442.3157894736842,258.05405405405406
153.4375,-69.52941176470588,-27.908333333333335,449.9842105263158,273.9864864864865
141.15625,-35.57983193277311,-21.333333333333332,448.5473684210526,297.06756756756755
125.7109375,-8.3109243697479,-6.45,433.8578947368421,309.86486486486484
118.59375,2.7983193277310923,4.558333333333334,416.4842105263158,319.7432432432432
144.8984375,-3.899159663865546,19.908333333333335,406.8157894736842,341.72972972972974
179.484375,-15.61344537815126,40.075,402.93684210526317,380.1621621621622
188.546875,-18.235294117647058,61.833333333333336,393.8263157894737,419.2972972972973
190.9921875,-18.19327731092437,85.21666666666667,375.5578947368421,451.02702702702703
198.4609375,-21.84873949579832,98.83333333333333,355.34736842105264,482.22972972972974
197.4609375,-18.04201680672269,106.04166666666667,347.67894736842106,501.7837837837838
190.9765625,-7.53781512605042,113.65,354.5684210526316,499.4189189189189
181.203125,-1.0672268907563025,130.20833333333334,366.4315789473684,485.4864864864865
156.0859375,-1.7563025210084033,159.85,384.86315789473684,467.7432432432432
124.59375,-9.025210084033613,180.80833333333334,398.5210526315789,445.77027027027026
115.125,-11.126050420168067,175.125,388.7368421052632,425.9864864864865
137.9453125,5.142857142857143,150.25833333333333,368.36842105263156,424.3783783783784
174.8359375,29.04201680672269,127.39166666666667,356.0684210526316,444.7162162162162
192.28125,46.52100840336134,115.30833333333334,348.7684210526316,464.43243243243245
179.046875,55.26890756302521,112.06666666666666,346.38421052631577,467.36486486486484
162.921875,46.08403361344538,106.91666666666667,353.6578947368421,464.85135135135135
148.3671875,14.61344537815126,87.59166666666667,371.82105263157894,471.85135135135135
113.9453125,-20.613445378151262,60.06666666666667,397.4526315789474,491.77027027027026
75.5,-31.537815126050422,45.175,410.9421052631579,517.472972972973
58.453125,-21.613445378151262,49.8,404.0157894736842,544.9324324324324
56.7734375,-16.798319327731093,48.275,395.69473684210527,569.9054054054054
61.875,-24.26050420168067,25.525,399.0421052631579,583.1756756756756
84.7890625,-44.08403361344538,-0.9166666666666666,409.9947368421053,588.027027027027
113.328125,-64.89915966386555,-7.508333333333334,425.67894736842106,592.7027027027027
110.734375,-65.3781512605042,8.65,448.8157894736842,603.081081081081
78.3515625,-46.2436974789916,22.208333333333332,467.5052631578947,625.2432432432432
52.1171875,-22.327731092436974,20.641666666666666,466.0052631578947,649.9864864864865
48.2421875,-3.6638655462184873,19.016666666666666,462.7631578947368,659.2297297297297
42.90625,6.008403361344538,20.966666666666665,485.79473684210524,656.1081081081081
11.5546875,16.218487394957982,18.633333333333333,519.4578947368421,651.5405405405405
-26.953125,34.52100840336134,17.25,532.5578947368421,637.3108108108108
-47.484375,50.403361344537814,22.1,523.5368421052632,613.472972972973
-54.6953125,51.78991596638655,22.066666666666666,508.43684210526317,597.1891891891892
-52.640625,41.47899159663866,5.408333333333333,495.6842105263158,606.7027027027027
-47.6484375,27.95798319327731,-14.533333333333333,483.40526315789475,642.2297297297297
-47.6953125,20.436974789915965,-14.583333333333334,481.3578947368421,677.527027027027
-46.453125,26.142857142857142,-0.325,494.4421052631579,691.9594594594595
-45.953125,34.84033613445378,13.166666666666666,497.9263157894737,685.4594594594595
-67.359375,33.403361344537814,22.958333333333332,481.7842105263158,667.7972972972973
-118.0703125,24.529411764705884,31.875,467.7263157894737,646.3378378378378
-174.4296875,23.823529411764707,50.36666666666667,464.9,624.0945945945946
-209.046875,35.79831932773109,70.35,456.18947368421055,616.8918918918919
-215.7578125,48.3109243697479,71.025,429.9894736842105,628.972972972973
-186.40625,52.90756302521008,56.75833333333333,396.61052631578946,642.7162162162163
-118.125,59.285714285714285,41.53333333333333,375.3315789473684,645.1621621621622
-58.9765625,81.27731092436974,32.80833333333333,362.0157894736842,631.7297297297297
-54.046875,105.61344537815125,32.208333333333336,336.44736842105266,622.9054054054054
-79.359375,116.99159663865547,35.775,302.66315789473686,636.7567567567568
-94.109375,115.74789915966386,45.45,275.7842105263158,649.7972972972973
-98.9296875,107.6218487394958,52.608333333333334,256.4,641.2837837837837
-104.6484375,103.91596638655462,34.15833333333333,243.97368421052633,625.5945945945946
-100.8671875,112.46218487394958,-8.641666666666667,241.71052631578948,616.7297297297297
-80.0703125,128.60504201680672,-47.975,241.03684210526316,604.1486486486486
-63.953125,136.73949579831933,-68.575,234.3684210526316,569.1891891891892
-72.875,132.6218487394958,-85.7,217.71052631578948,508.8243243243243
-87.8046875,140.32773109243698,-108.21666666666667,183.07368421052632,445.5
-87.640625,176.72268907563026,-117.34166666666667,144.82105263157894,409.06756756756755
-78.7734375,214.85714285714286,-108.95833333333333,126.58947368421053,404.6621621621622
-76.28125,222.53781512605042,-100.28333333333333,130.56842105263158,409.3378378378378
-79.265625,211.3361344537815,-103.33333333333333,142.24736842105264,396.47297297297297
-68.7734375,214.3781512605042,-114.575,148.48947368421054,366.94594594594594
-47.2265625,234.12605042016807,-120.78333333333333,147.84736842105264,335.5
-42.6875,250.73949579831933,-111.95833333333333,147.42105263157896,307.9864864864865
-57.8828125,258.43697478991595,-103.10833333333333,157.50526315789475,287.14864864864865
-69.25,259.4621848739496,-110.50833333333334,173.20526315789473,279.6216216216216
-65.9296875,241.54621848739495,-117.375,179.94210526315788,292.2432432432432
-59.25,200.9747899159664,-111.64166666666667,174.93684210526317,318.1216216216216
-67.375,162.87394957983193,-106.49166666666666,162.2578947368421,345.2837837837838
-90.4375,137.3613445378151,-104.44166666666666,152.18421052631578,362.31081081081084
-103.40625,113.89075630252101,-97.34166666666667,150.96315789473684,356.8783783783784
-89.359375,88.61344537815125,-90.56666666666666,150.67368421052632,331.5135135135135
-64.4140625,61.319327731092436,-89.8,144.82105263157894,297.94594594594594
-54.546875,37.554621848739494,-89.7,138.38947368421051,268.9594594594595
-65.8125,30.781512605042018,-84.66666666666667,141.53157894736842,254.71621621621622
-83.8671875,41.36974789915966,-76.66666666666667,152.34736842105264,243.7972972972973
-99.140625,49.57142857142857,-69.23333333333333,162.27894736842106,228.04054054054055
-111.5390625,47.10084033613445,-69.0,164.53157894736842,212.33783783783784
-114.34375,42.18487394957983,-86.56666666666666,156.1421052631579,197.35135135135135
-98.7578125,34.66386554621849,-114.00833333333334,139.96842105263158,191.01351351351352
-79.0,16.823529411764707,-129.50833333333333,120.46315789473684,192.7027027027027
-79.65625,-12.302521008403362,-122.85833333333333,99.87894736842105,195.35135135135135
-95.65625,-41.84033613445378,-100.50833333333334,83.23157894736842,211.3918918918919
-101.078125,-68.0,-81.125,83.1421052631579,242.3918918918919
-85.65625,-99.54621848739495,-82.15833333333333,96.92631578947369,257.0405405405405
-66.1640625,-123.77310924369748,-100.61666666666666,103.81052631578947,235.40540540540542
-57.9765625,-128.85714285714286,-121.91666666666667,90.97894736842105,197.71621621621622
-43.5390625,-137.78151260504202,-137.49166666666667,67.33157894736843,174.5
-7.59375,-162.58823529411765,-148.825,44.95263157894737,154.28378378378378
27.7265625,-184.11764705882354,-162.90833333333333,24.089473684210525,106.98648648648648
46.34375,-184.71428571428572,-176.18333333333334,8.473684210526315,47.527027027027025
57.484375,-166.52941176470588,-177.475,1.1210526315789473,16.283783783783782
64.921875,-151.42857142857142,-168.7,-6.705263157894737,17.77027027027027
56.8515625,-146.48739495798318,-160.175,-25.54736842105263,12.54054054054054
38.9609375,-140.26050420168067,-159.58333333333334,-53.873684210526314,-20.554054054054053
37.09375,-137.6890756302521,-170.3,-81.86315789473684,-52.527027027027025
53.8515625,-141.2941176470588,-193.475,-106.48947368421052,-69.32432432432432
68.9765625,-144.57142857142858,-221.775,-127.42105263157895,-87.66216216216216
61.5703125,-150.76470588235293,-240.875,-133.76842105263157,-106.27027027027027
32.5859375,-170.21848739495798,-256.65,-121.98421052631579,-116.66216216216216
4.3671875,-207.9075630252101,-278.69166666666666,-108.11052631578947,-122.37837837837837
-23.34375,-236.4453781512605,-304.6666666666667,-106.53684210526316,-127.79729729729729
-62.0859375,-231.46218487394958,-335.325,-118.21052631578948,-141.48648648648648
-91.0703125,-215.39495798319328,-360.06666666666666,-129.50526315789475,-155.01351351351352
-92.296875,-218.890756302521,-370.78333333333336,-132.2421052631579,-160.05405405405406
-82.640625,-244.74789915966386,-382.34166666666664,-130.61052631578949,-174.8108108108108
-85.8125,-266.47058823529414,-398.59166666666664,-123.53684210526316,-198.2027027027027
-108.4609375,-270.00840336134456,-411.9,-111.76842105263158,-220.7972972972973
-137.2890625,-265.06722689075633,-422.7583333333333,-99.18947368421053,-253.27027027027026
-153.125,-253.38655462184875,-425.875,-94.27368421052631,-288.02702702702703
-142.5703125,-236.30252100840337,-417.34166666666664,-113.48421052631579,-307.43243243243245
-109.609375,-216.1596638655462,-399.425,-153.27894736842106,-314.2162162162162
-88.375,-196.76470588235293,-374.075,-186.32631578947368,-312.0810810810811
-98.9921875,-186.84873949579833,-352.71666666666664,-196.4578947368421,-308.3378378378378
-118.1875,-182.49579831932772,-339.98333333333335,-193.3736842105263,-321.0405405405405
-131.015625,-176.35294117647058,-334.05,-186.41052631578947,-338.2432432432432
-137.4375,-179.3361344537815,-336.5,-178.04736842105262,-327.43243243243245
-126.3203125,-202.7310924369748,-340.3833333333333,-178.9157894736842,-300.8378378378378
-96.78125,-232.7983193277311,-334.4,-189.24736842105264,-282.1081081081081
-62.1328125,-242.56302521008402,-326.46666666666664,-200.33157894736843,-261.5135135135135
-36.3125,-233.14285714285714,-333.275,-211.80526315789473,-250.22972972972974
-27.5625,-231.2941176470588,-350.65833333333336,-220.6315789473684,-274.35135135135135
-31.4453125,-240.7310924369748,-362.48333333333335,-221.4157894736842,-313.4054054054054
-41.6640625,-252.3361344537815,-362.3833333333333,-216.41052631578947,-333.72972972972974
-53.8515625,-253.68067226890756,-359.31666666666666,-213.54736842105262,-342.8918918918919
-64.4609375,-234.890756302521,-358.9916666666667,-218.09473684210528,-364.05405405405406
-69.390625,-213.39495798319328,-354.575,-230.74736842105264,-398.0135135135135
-65.2734375,-209.2941176470588,-355.9166666666667,-250.45263157894738,-435.2162162162162
-55.8984375,-217.52100840336135,-382.76666666666665,-265.46315789473687,-474.64864864864865
-40.5,-222.51260504201682,-425.5833333333333,-269.22105263157897,-519.6891891891892
-19.796875,-219.4033613445378,-456.6,-266.2368421052632,-557.472972972973
-7.2421875,-201.65546218487395,-462.4166666666667,-260.39473684210526,-578.7837837837837
-2.015625,-173.7310924369748,-455.625,-262.0578947368421,-599.4054054054054
-2.375,-162.57142857142858,-452.95,-276.63157894736844,-617.8783783783783
-17.765625,-173.6890756302521,-457.73333333333335,-288.41052631578947,-621.7027027027027
-31.7734375,-186.5966386554622,-464.6,-282.87368421052633,-615.6081081081081
-23.8125,-186.48739495798318,-464.65833333333336,-279.2105263157895,-605.8108108108108
7.6875,-174.9747899159664,-458.89166666666665,-302.62105263157895,-597.1486486486486
51.71875,-164.74789915966386,-461.45,-336.85263157894735,-597.5135135135135
74.5078125,-163.18487394957984,-478.7583333333333,-356.7684210526316,-607.972972972973
62.6328125,-162.52941176470588,-499.125,-364.2894736842105,-630.4324324324324
48.96875,-147.80672268907563,-513.5583333333333,-360.4789473684211,-666.527027027027
58.03125,-117.99159663865547,-526.9833333333333,-341.1,-683.9864864864865
75.484375,-93.68067226890756,-544.0916666666667,-315.68947368421055,-657.2972972972973
81.140625,-86.01680672268908,-563.3083333333333,-301.20526315789476,-625.581081081081
77.75,-80.63025210084034,-587.5,-304.5684210526316,-626.6891891891892
67.71875,-71.04201680672269,-617.1583333333333,-315.7894736842105,-641.3378378378378
45.3203125,-70.49579831932773,-634.7416666666667,-326.91052631578947,-642.4594594594595
23.4375,-79.95798319327731,-629.5333333333333,-329.91052631578947,-623.6351351351351
10.9453125,-92.53781512605042,-613.375,-318.13157894736844,-590.4594594594595
4.65625,-108.47058823529412,-598.55,-305.13684210526316,-559.581081081081
6.1875,-113.12605042016807,-592.5916666666667,-297.9157894736842,-535.2162162162163
13.59375,-94.80672268907563,-596.6916666666667,-287.87894736842105,-500.8243243243243
20.734375,-71.63865546218487,-596.0916666666667,-274.89473684210526,-451.18918918918916
20.6015625,-51.52100840336134,-588.8333333333334,-260.91052631578947,-418.6081081081081
11.1015625,-29.45378151260504,-594.3916666666667,-247.02105263157895,-415.6756756756757
-1.3671875,-8.857142857142858,-607.0666666666667,-236.93684210526317,-422.36486486486484
-5.265625,8.61344537815126,-604.9,-228.4,-436.9189189189189
12.65625,18.57983193277311,-584.425,-214.49473684210525,-450.3918918918919
35.84375,24.218487394957982,-552.25,-196.3684210526316,-449.31081081081084
36.234375,39.27731092436975,-525.4583333333334,-185.62105263157895,-444.31081081081084
18.796875,60.78991596638655,-527.1416666666667,-189.06842105263158,-435.7837837837838
-2.4140625,73.25210084033614,-544.6416666666667,-197.79473684210527,-414.18918918918916
-16.2265625,72.60504201680672,-543.6583333333333,-203.97894736842105,-399.2027027027027
-12.1484375,82.18487394957984,-525.9166666666666,-209.3,-409.77027027027026
5.3203125,115.56302521008404,-506.625,-211.56842105263158,-423.72972972972974
23.640625,145.5966386554622,-491.46666666666664,-201.05789473684212,-414.5810810810811
36.5390625,144.9327731092437,-482.8,-185.2842105263158,-390.0135135135135
49.796875,118.47058823529412,-476.175,-182.56842105263158,-362.77027027027026
62.15625,97.47058823529412,-469.7,-190.55789473684212,-337.8243243243243
64.6796875,101.63865546218487,-462.15833333333336,-201.0842105263158,-321.35135135135135
62.1640625,116.01680672268908,-449.025,-215.14736842105262,-316.6081081081081
57.375,118.0672268907563,-431.80833333333334,-230.02631578947367,-341.31081081081084
44.921875,105.99159663865547,-409.35,-235.4578947368421,-402.77027027027026
17.8046875,98.58823529411765,-381.01666666666665,-224.94210526315788,-469.9594594594595
-16.7421875,109.18487394957984,-360.85,-203.74736842105264,-512.2837837837837
-43.84375,124.17647058823529,-354.21666666666664,-188.82105263157894,-528.2027027027027
-60.59375,130.42857142857142,-353.7916666666667,-192.66842105263157,-537.2162162162163
-60.703125,133.57142857142858,-356.075,-205.8421052631579,-552.0945945945946
-48.6640625,142.53781512605042,-360.55833333333334,-215.4842105263158,-561.0
-41.2109375,154.46218487394958,-365.675,-225.7842105263158,-545.8918918918919
-45.7109375,154.8655462184874,-358.7083333333333,-239.36315789473684,-515.3108108108108
-66.578125,140.6386554621849,-329.25,-252.88947368421051,-489.44594594594594
-101.1796875,121.12605042016807,-291.98333333333335,-256.93684210526317,-473.56756756756755
-121.9765625,106.4453781512605,-260.0416666666667,-242.94736842105263,-471.2432432432432
-113.109375,101.85714285714286,-233.175,-225.47368421052633,-480.2567567567568
-90.53125,103.04201680672269,-219.21666666666667,-221.18421052631578,-494.8918918918919
-63.5859375,111.24369747899159,-216.48333333333332,-230.76842105263157,-510.86486486486484
-39.3828125,120.42857142857143,-211.60833333333332,-242.17894736842106,-516.8243243243244
-31.125,108.00840336134453,-202.39166666666668,-247.13684210526316,-520.081081081081
-42.2578125,81.5546218487395,-193.96666666666667,-255.19473684210527,-535.527027027027
-72.234375,69.16806722689076,-181.19166666666666,-264.80526315789473,-557.8513513513514
-117.9609375,70.60504201680672,-162.03333333333333,-260.60526315789474,-574.6081081081081
-163.6015625,76.22689075630252,-149.75833333333333,-248.3578947368421,-585.6351351351351
-195.3125,94.6218487394958,-152.65833333333333,-245.3684210526316,-606.4864864864865
-204.671875,140.890756302521,-162.85833333333332,-248.12105263157895,-637.472972972973
-203.7109375,199.10084033613447,-159.83333333333334,-252.69473684210527,-642.3648648648649
-219.640625,243.31932773109244,-127.675,-261.22105263157897,-601.1216216216217
-242.8125,264.9579831932773,-72.55,-268.29473684210524,-536.7702702702703
-243.65625,258.546218487395,-25.2,-274.20526315789476,-480.0945945945946
-221.5546875,233.9327731092437,-12.475,-273.7105263157895,-448.9189189189189
-204.375,210.65546218487395,-21.108333333333334,-262.16315789473686,-433.05405405405406
-205.0625,205.47899159663865,-24.291666666666668,-255.23157894736843,-408.2027027027027
-217.15625,217.78991596638656,-18.758333333333333,-260.0,-384.81081081081084
-237.5390625,225.61344537815125,-11.083333333333334,-257.44736842105266,-384.35135135135135
-246.125,224.71428571428572,-0.7833333333333333,-242.72105263157894,-396.47297297297297
-233.4140625,220.0252100840336,10.841666666666667,-231.93157894736842,-400.7972972972973
-208.9375,208.1596638655462,20.683333333333334,-225.7,-390.6621621621622
-175.484375,194.57142857142858,34.21666666666667,-213.50526315789475,-377.0405405405405
-162.9765625,183.81512605042016,53.925,-187.72105263157894,-374.81081081081084
-189.875,181.6638655462185,72.50833333333334,-163.0842105263158,-374.8243243243243
-218.8125,192.94117647058823,81.00833333333334,-164.46315789473684,-355.52702702702703
-226.84375,202.80672268907563,77.41666666666667,-176.24736842105264,-326.35135135135135
-232.1953125,198.0924369747899,75.175,-172.72105263157894,-316.81081081081084
-240.0546875,182.76470588235293,82.80833333333334,-167.02105263157895,-319.44594594594594
-244.2734375,165.6218487394958,97.24166666666666,-175.22105263157894,-310.36486486486484
-256.359375,142.9327731092437,118.63333333333334,-185.96315789473684,-293.5135135135135
-272.15625,111.33613445378151,131.81666666666666,-188.77894736842106,-272.3918918918919
-271.65625,83.02521008403362,116.2,-184.35263157894738,-237.56756756756758
-257.421875,73.43697478991596,84.8,-179.82631578947368,-199.36486486486487
-239.46875,86.00840336134453,68.25,-182.6157894736842,-175.74324324324326
-218.5078125,106.2016806722689,75.975,-186.05789473684212,-156.95945945945945
-205.2109375,124.34453781512605,90.39166666666667,-186.75263157894736,-142.7972972972973
-199.5625,137.5966386554622,102.89166666666667,-191.70526315789473,-157.95945945945945
-177.0390625,144.87394957983193,124.675,-201.3842105263158,-200.55405405405406
-147.5546875,146.12605042016807,153.85833333333332,-213.1578947368421,-233.72972972972974
-132.4453125,136.72268907563026,172.08333333333334,-224.33684210526314,-241.6216216216216
-117.1640625,125.11764705882354,166.225,-228.93157894736842,-240.54054054054055
-92.90625,134.5966386554622,144.725,-226.86315789473684,-238.74324324324326
-71.078125,170.21848739495798,128.81666666666666,-215.68947368421053,-243.8918918918919
-64.7890625,204.01680672268907,124.64166666666667,-193.98947368421054,-256.85135135135135
-78.828125,213.45378151260505,119.925,-175.99473684210525,-257.0
-96.3671875,204.1764705882353,113.975,-168.23684210526315,-230.09459459459458
-99.7109375,189.41176470588235,117.225,-159.42631578947368,-187.35135135135135
-102.125,174.2689075630252,123.5,-141.50526315789475,-156.09459459459458
-109.6875,160.89915966386553,126.43333333333334,-125.9421052631579,-137.8108108108108
-114.7265625,156.2436974789916,132.81666666666666,-121.96842105263158,-118.44594594594595
-117.5703125,166.78151260504202,154.78333333333333,-122.85263157894737,-114.28378378378379
-104.3828125,190.65546218487395,194.24166666666667,-124.84210526315789,-129.55405405405406
-71.7265625,218.31932773109244,233.30833333333334,-125.07894736842105,-140.40540540540542
-40.6015625,238.890756302521,257.76666666666665,-120.93157894736842,-154.86486486486487
-31.234375,251.00840336134453,264.2,-114.67894736842105,-187.02702702702703
-55.3203125,257.1932773109244,259.025,-110.69473684210526,-209.17567567567568
-97.4140625,266.98319327731093,253.56666666666666,-113.2,-209.3783783783784
-119.1796875,294.4957983193277,250.275,-126.23157894736842,-213.2972972972973
-105.703125,332.5378151260504,247.25833333333333,-142.05263157894737,-232.04054054054055
-76.5859375,355.52100840336135,243.15833333333333,-141.42105263157896,-255.28378378378378
-49.296875,353.4873949579832,244.35,-126.87894736842105,-274.4189189189189
-23.2890625,343.85714285714283,257.76666666666665,-114.01052631578948,-284.6216216216216
-10.1953125,334.94117647058823,271.30833333333334,-99.91052631578947,-273.63513513513516
-14.5390625,317.9075630252101,270.9,-81.34210526315789,-242.6891891891892
-8.7109375,295.1344537815126,255.65833333333333,-64.32631578947368,-220.86486486486487
12.0078125,277.8655462184874,223.66666666666666,-47.76315789473684,-212.52702702702703
15.3203125,271.7310924369748,187.69166666666666,-32.794736842105266,-190.32432432432432
-6.90625,279.4201680672269,178.05,-33.126315789473686,-161.44594594594594
-30.484375,292.3109243697479,200.475,-53.189473684210526,-153.90540540540542
-39.7578125,290.97478991596637,242.03333333333333,-83.13684210526316,-166.78378378378378
-22.8515625,279.98319327731093,298.53333333333336,-110.10526315789474,-194.8783783783784
20.6875,277.6386554621849,352.4,-120.90526315789474,-239.78378378378378
54.1328125,282.1764705882353,381.15,-109.17894736842105,-281.55405405405406
54.84375,287.0420168067227,385.34166666666664,-85.36315789473684,-288.02702702702703
48.21875,290.3613445378151,377.025,-74.4421052631579,-259.35135135135135
59.03125,289.4201680672269,374.075,-77.41578947368421,-222.97297297297297
91.1796875,288.5882352941176,383.19166666666666,-74.79473684210527,-193.8108108108108
126.2109375,297.16806722689074,399.59166666666664,-73.83684210526316,-166.78378378378378
131.78125,310.9075630252101,414.96666666666664,-89.11052631578947,-131.6081081081081
111.796875,310.4957983193277,426.85833333333335,-110.01578947368421,-99.52702702702703
96.9140625,288.07563025210084,443.89166666666665,-120.14736842105263,-80.66216216216216
92.7578125,254.3781512605042,461.325,-116.47894736842105,-59.554054054054056
86.28125,221.32773109243698,474.1166666666667,-109.1,-29.85135135135135
73.5546875,195.6218487394958,485.68333333333334,-104.95263157894736,6.22972972972973
67.0625,177.47899159663865,495.3,-101.17368421052632,42.54054054054054
80.2265625,158.49579831932772,504.1,-97.76842105263158,55.189189189189186
110.796875,147.05042016806723,514.7833333333333,-97.02105263157895,41.66216216216216
150.3515625,162.2689075630252,528.225,-94.25263157894737,33.04054054054054
189.015625,191.9327731092437,547.4,-85.5421052631579,48.41891891891892
212.765625,206.58823529411765,574.4666666666667,-81.86315789473684,76.32432432432432
222.078125,204.76470588235293,593.6416666666667,-94.6842105263158,98.48648648648648
219.46875,204.7563025210084,594.8333333333334,-114.15263157894736,116.70270270270271
201.1640625,219.94117647058823,594.4416666666667,-122.21578947368421,146.1216216216216
189.375,249.45378151260505,604.7083333333334,-118.9578947368421,189.9189189189189
190.59375,275.43697478991595,615.3583333333333,-119.58421052631579,236.74324324324326
187.9453125,283.0924369747899,611.6583333333333,-130.80526315789473,277.81081081081084
193.0078125,271.5798319327731,589.9166666666666,-140.2842105263158,311.6756756756757
206.1640625,239.38655462184875,553.45,-140.4842105263158,334.36486486486484
208.4765625,188.57142857142858,520.675,-138.02631578947367,351.4864864864865
210.34375,137.21008403361344,508.98333333333335,-137.10526315789474,378.4189189189189
234.046875,100.73949579831933,511.875,-137.91052631578947,405.47297297297297
273.7421875,76.63865546218487,520.6916666666667,-139.61052631578949,423.8783783783784
308.3828125,59.49579831932773,529.55,-139.54736842105262,436.36486486486484
325.2578125,54.99159663865546,533.7666666666667,-129.90526315789472,433.7972972972973
315.609375,69.82352941176471,532.05,-115.8578947368421,421.2162162162162
280.1953125,85.05882352941177,520.6916666666667,-110.5,419.6756756756757
236.53125,81.03361344537815,499.23333333333335,-108.8,439.97297297297297
207.9765625,72.3781512605042,476.9,-109.8578947368421,468.2162162162162
193.1328125,77.6890756302521,460.3666666666667,-123.38421052631578,482.7972972972973
178.2265625,88.03361344537815,442.2916666666667,-141.56315789473683,485.7837837837838
176.2578125,84.61344537815125,425.675,-154.65263157894736,491.4189189189189
193.890625,68.96638655462185,422.96666666666664,-163.46315789473684,501.7837837837838
207.53125,46.32773109243698,431.125,-168.36315789473684,515.2432432432432
197.234375,15.983193277310924,435.8,-172.47894736842105,540.2567567567568
172.0390625,-8.714285714285714,424.06666666666666,-173.89473684210526,574.4594594594595
146.7421875,-10.521008403361344,413.575,-168.3578947368421,599.2297297297297
117.546875,0.6218487394957983,428.15,-156.75263157894736,608.972972972973
87.78125,3.042016806722689,448.09166666666664,-144.2421052631579,614.3783783783783
71.078125,-0.03361344537815126,452.03333333333336,-137.3578947368421,618.1081081081081
70.0859375,1.4285714285714286,450.68333333333334,-133.8684210526316,606.9864864864865
84.6328125,11.403361344537815,453.1,-124.26315789473684,570.8378378378378
104.6171875,33.168067226890756,457.1166666666667,-104.50526315789473,527.2567567567568
111.7890625,58.26890756302521,453.6166666666667,-82.83157894736843,511.14864864864865
103.453125,70.29411764705883,434.725,-73.55263157894737,524.0675675675676
85.8359375,72.84033613445378,409.9,-74.41052631578947,533.8243243243244
58.765625,78.89075630252101,390.8333333333333,-76.77894736842106,537.581081081081
32.859375,78.61344537815125,380.5,-83.59473684210526,550.8243243243244
25.1796875,65.54621848739495,381.2,-93.08421052631579,560.8648648648649
39.9296875,49.36134453781513,385.4,-103.61578947368422,557.5945945945946
63.4453125,28.15126050420168,384.51666666666665,-112.27894736842106,556.8513513513514
68.921875,-6.19327731092437,389.40833333333336,-109.32105263157895,574.8108108108108
53.078125,-45.81512605042017,402.73333333333335,-96.30526315789474,607.6216216216217
31.6953125,-67.69747899159664,408.275,-80.24736842105263,638.081081081081
7.046875,-70.1344537815126,403.05833333333334,-67.13157894736842,658.5945945945946
-16.0390625,-81.53781512605042,389.43333333333334,-68.84736842105264,671.7567567567568
-18.28125,-101.11764705882354,362.8333333333333,-86.06842105263158,675.2702702702703
7.75,-109.34453781512605,340.80833333333334,-97.83157894736843,665.7972972972973
36.0859375,-112.59663865546219,345.15833333333336,-83.41578947368421,647.2162162162163
47.40625,-104.7983193277311,359.28333333333336,-47.56842105263158,628.418918918919
40.671875,-76.10084033613445,360.5833333333333,-12.278947368421052,623.4054054054054
17.3828125,-49.54621848739496,348.2083333333333,11.626315789473685,645.8783783783783
-4.640625,-49.81512605042017,321.15833333333336,22.794736842105262,689.2702702702703
-14.2578125,-80.58823529411765,284.4166666666667,26.210526315789473,731.918918918919
-36.7109375,-117.66386554621849,261.6666666666667,32.32105263157895,754.9324324324324
-89.6171875,-128.52100840336135,262.35833333333335,43.66842105263158,766.7027027027027
-146.265625,-118.5798319327731,271.3333333333333,59.54736842105263,791.918918918919
-167.4765625,-124.76470588235294,279.3333333333333,78.41578947368421,828.472972972973
-142.3125,-163.92436974789916,283.6666666666667,98.01052631578948,866.972972972973
-100.046875,-207.12605042016807,273.59166666666664,124.03157894736842,904.972972972973
-79.265625,-218.68067226890756,254.74166666666667,155.18947368421053,933.0405405405405
-79.640625,-212.31932773109244,246.775,174.71052631578948,943.1621621621622
-77.1015625,-227.7983193277311,247.0,172.11052631578949,933.4324324324324
-58.078125,-266.8067226890756,239.35833333333332,160.6,903.1621621621622
-26.828125,-296.4873949579832,224.33333333333334,166.97368421052633,866.2027027027027
-21.703125,-294.4957983193277,220.98333333333332,204.36315789473684,852.5
-68.2109375,-273.99159663865544,231.38333333333333,247.57894736842104,860.7297297297297
-133.4453125,-260.1344537815126,234.64166666666668,263.58947368421053,867.027027027027
-171.90625,-264.7226890756302,224.05833333333334,263.66315789473686,865.3108108108108
-159.046875,-284.92436974789916,207.88333333333333,272.44736842105266,852.3918918918919
-100.28125,-302.21008403361344,196.79166666666666,285.6684210526316,833.0675675675676
-39.6015625,-312.52941176470586,198.01666666666668,293.7526315789474,822.527027027027
-10.625,-330.109243697479,202.20833333333334,295.0736842105263,826.6216216216217
3.734375,-349.00840336134456,204.03333333333333,295.2368421052632,843.2432432432432
14.484375,-366.29411764705884,203.10833333333332,306.8,862.1216216216217
5.2890625,-390.14285714285717,181.61666666666667,328.1,868.0540540540541
-27.40625,-414.94117647058823,139.44166666666666,341.9421052631579,852.8648648648649
-67.7578125,-440.890756302521,112.19166666666666,346.10526315789474,831.3783783783783
-87.1796875,-478.1344537815126,111.725,348.09473684210525,826.6351351351351
-65.2890625,-520.9411764705883,112.65833333333333,339.32105263157894,824.3783783783783
-7.9453125,-548.1344537815127,105.33333333333333,323.5,803.972972972973
56.4296875,-552.5126050420168,92.89166666666667,329.83684210526314,773.2702702702703
94.65625,-546.6974789915967,76.375,364.38947368421054,743.3918918918919
104.1953125,-552.2605042016806,74.48333333333333,402.5684210526316,720.1621621621622
119.0859375,-571.9915966386554,88.0,425.80526315789473,700.5675675675676
146.0078125,-586.4453781512605,87.75,430.5473684210526,686.5
163.09375,-591.1260504201681,73.525,423.11052631578946,685.0405405405405
172.671875,-588.9411764705883,72.04166666666667,416.2894736842105,684.7162162162163
170.109375,-580.2268907563025,93.025,415.09473684210525,671.6216216216217
149.2109375,-572.109243697479,120.53333333333333,415.1736842105263,646.9864864864865
135.7265625,-573.1680672268908,130.925,417.4684210526316,624.027027027027
151.5546875,-590.2941176470588,128.85,421.7631578947368,622.2972972972973
180.0078125,-618.4453781512605,132.03333333333333,427.72105263157897,637.6216216216217
193.2734375,-637.2857142857143,135.475,445.12631578947367,640.2702702702703
193.0234375,-641.2773109243698,133.49166666666667,474.8263157894737,615.3783783783783
205.4765625,-639.218487394958,123.85833333333333,497.8421052631579,579.1081081081081
258.2265625,-634.3529411764706,99.38333333333334,492.3315789473684,545.5675675675676
324.2109375,-618.218487394958,68.90833333333333,460.82105263157894,501.85135135135135
347.7109375,-579.2521008403361,63.041666666666664,429.3421052631579,446.4054054054054
327.265625,-537.9831932773109,88.36666666666666,410.3157894736842,400.36486486486484
296.78125,-518.1260504201681,110.8,398.83684210526314,370.6081081081081
298.8046875,-503.109243697479,108.84166666666667,393.5105263157895,344.6756756756757
338.375,-476.4873949579832,89.49166666666666,396.60526315789474,311.7837837837838
380.953125,-442.2689075630252,69.875,399.2368421052632,274.8918918918919
415.7265625,-411.47058823529414,72.26666666666667,391.9421052631579,246.25675675675674
448.2109375,-393.3613445378151,94.2,377.79473684210524,232.74324324324326
476.1875,-385.1344537815126,115.65833333333333,363.43684210526317,229.8783783783784
496.953125,-387.61344537815125,130.06666666666666,353.6842105263158,229.67567567567568
509.328125,-398.99159663865544,129.29166666666666,350.4894736842105,229.95945945945945
506.2421875,-398.7310924369748,110.41666666666667,350.7894736842105,230.5
490.0546875,-383.39495798319325,86.76666666666667,348.9578947368421,234.36486486486487
476.328125,-370.4033613445378,74.05,343.0421052631579,241.94594594594594
476.46875,-362.218487394958,81.48333333333333,331.0052631578947,242.8783783783784
501.1484375,-350.73949579831935,100.74166666666666,313.2105263157895,239.59459459459458
546.0234375,-333.25210084033614,126.775,299.77894736842103,238.66216216216216
586.3671875,-307.52941176470586,166.2,302.6842105263158,227.1216216216216
599.4921875,-280.93277310924367,212.925,323.0263157894737,195.59459459459458
583.890625,-263.3529411764706,240.46666666666667,350.4157894736842,165.56756756756758
562.671875,-250.46218487394958,230.63333333333333,371.91052631578947,158.4189189189189
545.453125,-240.30252100840337,195.26666666666668,380.82105263157894,168.6891891891892
523.7421875,-236.58823529411765,154.35833333333332,377.82105263157894,188.64864864864865
503.7421875,-239.28571428571428,124.49166666666666,369.08947368421053,210.04054054054055
499.25,-243.92436974789916,114.74166666666666,362.2578947368421,231.6891891891892
508.015625,-254.5546218487395,114.65833333333333,363.87894736842105,258.0135135135135
518.5,-280.65546218487395,114.40833333333333,375.5736842105263,281.9054054054054
526.2578125,-309.6386554621849,117.675,392.2157894736842,298.6756756756757
530.3828125,-324.7226890756302,121.65,412.43684210526317,306.05405405405406
534.3359375,-326.327731092437,118.10833333333333,435.5421052631579,299.5810810810811
532.2421875,-317.7731092436975,107.86666666666666,459.3,280.5945945945946
510.0859375,-303.34453781512605,89.88333333333334,478.87368421052633,256.1756756756757
471.3515625,-302.70588235294116,68.94166666666666,488.10526315789474,230.6081081081081
435.8671875,-314.890756302521,67.15833333333333,495.2105263157895,212.8108108108108
411.0,-314.9579831932773,95.48333333333333,508.87368421052633,210.32432432432432
392.6484375,-304.546218487395,132.7,526.5263157894736,219.48648648648648
394.9921875,-293.4201680672269,156.7,538.4578947368421,227.66216216216216
423.4296875,-274.7142857142857,158.3,534.3578947368421,224.2027027027027
456.921875,-247.31932773109244,143.86666666666667,526.5894736842105,209.56756756756758
475.7421875,-227.39495798319328,134.825,532.9157894736842,190.47297297297297
480.2734375,-221.03361344537817,127.35833333333333,543.021052631579,180.0
477.765625,-213.78991596638656,109.375,541.5,183.05405405405406
453.3828125,-202.74789915966386,93.175,533.2894736842105,187.97297297297297
394.5,-198.9327731092437,88.41666666666667,528.6210526315789,193.77027027027026
322.359375,-202.8403361344538,87.15,529.2736842105263,202.95945945945945
268.3125,-192.35294117647058,77.13333333333334,535.6263157894737,208.75675675675674
247.765625,-169.99159663865547,63.425,541.4105263157895,210.8783783783784
257.59375,-160.68067226890756,58.483333333333334,537.1105263157895,202.22972972972974
285.4296875,-160.25210084033614,58.61666666666667,522.2842105263157,193.0810810810811
294.0703125,-160.81512605042016,49.525,501.5578947368421,206.56756756756758
247.7578125,-159.8655462184874,41.041666666666664,487.2842105263158,213.13513513513513
172.8046875,-152.1596638655462,58.516666666666666,487.7842105263158,181.78378378378378
112.984375,-144.78151260504202,87.06666666666666,487.10526315789474,149.0
74.7734375,-136.50420168067228,96.93333333333334,468.0421052631579,147.3918918918919
54.7421875,-116.47058823529412,91.60833333333333,440.4578947368421,156.45945945945945
58.90625,-87.94957983193277,89.39166666666667,422.9315789473684,170.78378378378378
74.328125,-60.7563025210084,100.425,413.13157894736844,199.04054054054055
73.5546875,-45.134453781512605,121.49166666666666,402.17894736842106,229.52702702702703
72.7109375,-53.65546218487395,146.75833333333333,397.44736842105266,264.2432432432432
96.375,-85.85714285714286,173.36666666666667,399.2105263157895,292.9189189189189
116.65625,-115.38655462184875,189.69166666666666,393.1421052631579,293.13513513513516
111.15625,-115.65546218487395,188.54166666666666,375.55263157894734,277.2027027027027
93.9609375,-89.6470588235294,187.59166666666667,353.4684210526316,261.6081081081081
79.3125,-57.18487394957983,200.74166666666667,334.11052631578946,242.54054054054055
65.8984375,-42.21008403361345,215.525,315.27894736842103,217.01351351351352
51.265625,-45.36974789915966,228.69166666666666,292.83684210526314,180.17567567567568
35.7421875,-35.94957983193277,249.325,275.32105263157894,138.7027027027027
11.3203125,-4.504201680672269,267.775,262.42105263157896,116.39189189189189
-17.203125,21.689075630252102,275.225,245.92631578947368,118.14864864864865
-41.2109375,21.49579831932773,282.325,227.87894736842105,108.06756756756756
-63.890625,9.61344537815126,286.0833333333333,204.8736842105263,66.10810810810811
-81.21875,11.605042016806722,277.7083333333333,173.33157894736843,25.77027027027027
-90.3828125,33.78151260504202,273.175,142.18421052631578,9.554054054054054
-92.8203125,65.88235294117646,280.43333333333334,117.44736842105263,13.554054054054054
-91.625,89.0672268907563,287.2083333333333,91.82105263157895,27.18918918918919
-95.6953125,101.1344537815126,287.825,66.49473684210527,32.229729729729726
-110.3671875,101.85714285714286,280.51666666666665,60.66842105263158,35.16216216216216
-125.8203125,83.61344537815125,264.375,71.74736842105263,57.04054054054054
-131.6875,70.04201680672269,242.05833333333334,76.21578947368421,81.52702702702703
-131.828125,80.24369747899159,223.58333333333334,67.97894736842105,76.91891891891892
-118.0,97.77310924369748,218.76666666666668,49.78421052631579,44.472972972972975
-91.5,110.0672268907563,215.41666666666666,24.78421052631579,-3.554054054054054
-87.0390625,117.83193277310924,208.15,6.815789473684211,-56.62162162162162
-106.578125,122.4873949579832,215.68333333333334,5.073684210526316,-96.5
-116.21875,129.9579831932773,237.35833333333332,13.615789473684211,-118.04054054054055
-111.0390625,138.71428571428572,244.74166666666667,25.373684210526317,-136.24324324324326
-100.140625,142.7310924369748,221.1,33.49473684210526,-158.09459459459458
-83.484375,146.78151260504202,178.5,37.21578947368421,-178.93243243243242
-77.84375,155.32773109243698,143.4,40.242105263157896,-195.77027027027026
-93.4296875,169.34453781512605,132.175,32.81578947368421,-195.6216216216216
-110.0390625,182.11764705882354,140.85,12.910526315789474,-173.90540540540542
-113.2265625,178.1596638655462,154.65833333333333,1.1157894736842104,-147.64864864864865
-116.71875,153.78151260504202,149.54166666666666,12.73157894736842,-131.6081081081081
-121.75,113.4453781512605,122.01666666666667,35.694736842105264,-124.04054054054055
-119.0859375,66.40336134453781,98.55,47.3,-109.56756756756756
-119.8359375,28.327731092436974,89.85,51.026315789473685,-82.08108108108108
-123.953125,4.907563025210084,89.55833333333334,54.136842105263156,-62.5
-122.1796875,-9.781512605042018,89.58333333333333,42.578947368421055,-54.351351351351354
-117.296875,-27.45378151260504,80.075,17.46315789473684,-41.054054054054056
-122.4296875,-49.12605042016807,64.76666666666667,-1.6842105263157894,-40.67567567567568
-151.4140625,-62.33613445378151,56.25,-11.16842105263158,-61.729729729729726
-197.8671875,-61.89915966386555,56.725,-12.110526315789473,-80.70270270270271
-237.203125,-51.53781512605042,59.45,0.8894736842105263,-95.48648648648648
-258.3203125,-41.69747899159664,56.666666666666664,13.58421052631579,-101.10810810810811
-264.8984375,-47.94117647058823,38.025,12.673684210526316,-90.36486486486487
-266.765625,-67.58823529411765,11.208333333333334,8.073684210526316,-88.77027027027027
-286.8359375,-79.7983193277311,-2.408333333333333,3.194736842105263,-97.37837837837837
-317.9296875,-83.75630252100841,-0.3,-8.74736842105263,-90.5
-325.7578125,-90.3529411764706,8.291666666666666,-28.873684210526317,-64.78378378378379
-313.015625,-111.61344537815125,15.391666666666667,-49.136842105263156,-33.567567567567565
-294.9140625,-152.1764705882353,19.066666666666666,-55.06315789473684,-5.364864864864865
-276.4609375,-189.1344537815126,10.066666666666666,-40.973684210526315,19.27027027027027
-271.1484375,-202.91596638655463,-21.925,-22.605263157894736,46.66216216216216
-267.2578125,-196.78991596638656,-52.733333333333334,-17.310526315789474,74.04054054054055
-248.5390625,-184.80672268907563,-62.075,-24.88421052631579,85.43243243243244
-230.578125,-177.0252100840336,-60.69166666666667,-40.6,83.5945945945946
-224.0234375,-173.5966386554622,-49.675,-58.0,88.41891891891892
-225.1875,-173.58823529411765,-32.9,-63.54210526315789,101.63513513513513
-237.3359375,-171.52100840336135,-24.391666666666666,-59.78421052631579,116.85135135135135
-255.5546875,-164.3361344537815,-16.9,-63.57368421052632,137.28378378378378
-258.25,-164.2941176470588,-5.608333333333333,-82.76315789473684,155.16216216216216
-238.4140625,-173.42857142857142,-0.35833333333333334,-111.32631578947368,160.33783783783784
-212.921875,-174.63025210084032,0.475,-137.39473684210526,154.27027027027026
-211.03125,-166.9075630252101,8.358333333333333,-155.30526315789473,147.22972972972974
-245.4453125,-164.7731092436975,18.95,-163.70526315789473,160.06756756756758
-289.1640625,-178.8655462184874,14.191666666666666,-158.44210526315788,189.64864864864865
-310.7109375,-210.15126050420167,-4.375,-145.16842105263157,210.47297297297297
-311.5,-243.34453781512605,-21.483333333333334,-138.10526315789474,222.2972972972973
-318.71875,-254.78151260504202,-33.166666666666664,-138.61052631578949,250.40540540540542
-341.859375,-243.51260504201682,-31.6,-136.13684210526316,296.9594594594595
-363.875,-231.74789915966386,-16.283333333333335,-130.37894736842105,329.7972972972973
-386.875,-223.72268907563026,-3.1,-131.83157894736843,342.9594594594595
-417.703125,-211.11764705882354,8.166666666666666,-137.2578947368421,353.64864864864865
-440.28125,-196.76470588235293,23.166666666666668,-138.54736842105262,354.97297297297297
-447.640625,-182.38655462184875,36.6,-132.58947368421053,336.9864864864865
-443.96875,-173.7983193277311,45.475,-119.33157894736843,312.94594594594594
-427.078125,-176.89915966386553,45.68333333333333,-111.98947368421052,304.8918918918919
-392.9140625,-187.10084033613447,29.858333333333334,-121.6842105263158,314.44594594594594
-349.4765625,-210.18487394957984,3.7583333333333333,-139.70526315789473,330.2027027027027
-324.1640625,-241.57983193277312,-8.758333333333333,-146.71052631578948,348.9189189189189
-327.875,-258.6470588235294,2.8333333333333335,-139.23684210526315,360.6081081081081
-345.078125,-274.25210084033614,27.341666666666665,-138.8684210526316,352.5945945945946
-358.328125,-309.4621848739496,48.641666666666666,-151.32631578947368,327.2432432432432
-367.0859375,-344.06722689075633,53.6,-156.44736842105263,310.8783783783784
-378.7578125,-362.47058823529414,45.575,-152.15263157894736,329.9864864864865
-395.2578125,-370.781512605042,39.025,-146.8842105263158,367.94594594594594
-416.0625,-366.1512605042017,45.041666666666664,-141.15263157894736,399.5135135135135
-422.25,-352.61344537815125,51.74166666666667,-142.1421052631579,413.9594594594595
-398.5625,-346.8487394957983,34.38333333333333,-156.89473684210526,403.8783783783784
-358.7265625,-339.9495798319328,5.2,-176.08947368421053,373.1621621621622
-336.3359375,-313.9579831932773,-3.2,-182.12105263157895,335.5135135135135
-352.0390625,-280.4873949579832,12.941666666666666,-168.76842105263157,306.5405405405405
-381.3125,-260.9579831932773,33.94166666666667,-148.8578947368421,286.5810810810811
-394.7421875,-261.7226890756302,42.016666666666666,-142.19473684210527,268.6621621621622
-379.140625,-263.87394957983196,25.466666666666665,-150.94210526315788,256.6216216216216
-328.90625,-255.30252100840337,-10.325,-160.83684210526314,259.2567567567568
-270.3359375,-247.25210084033614,-37.983333333333334,-157.30526315789473,278.8783783783784
-231.1953125,-249.56302521008402,-32.34166666666667,-141.94210526315788,303.2972972972973
-213.75,-266.9159663865546,-1.3666666666666667,-130.02631578947367,316.8378378378378
-207.015625,-293.79831932773106,24.108333333333334,-126.38947368421053,312.94594594594594
-198.796875,-318.14285714285717,22.491666666666667,-127.73684210526316,300.8243243243243
-199.7578125,-325.0840336134454,-1.0083333333333333,-134.1578947368421,293.4594594594595
-214.5078125,-309.11764705882354,-13.583333333333334,-146.14736842105262,291.0945945945946
-221.3671875,-284.14285714285717,-0.25,-157.10526315789474,294.44594594594594
-209.9921875,-268.9579831932773,20.508333333333333,-162.64736842105262,304.05405405405406
-189.7265625,-261.83193277310926,33.59166666666667,-171.68947368421053,303.4054054054054
-182.8125,-248.3781512605042,44.425,-180.55263157894737,283.56756756756755
-179.9140625,-233.23529411764707,67.375,-174.8578947368421,258.1216216216216
-149.5703125,-226.45378151260505,96.35833333333333,-160.90526315789472,251.85135135135135
-103.0859375,-214.85714285714286,113.375,-148.62105263157895,264.5135135135135
-57.0703125,-190.53781512605042,108.58333333333333,-138.00526315789475,265.3918918918919
-25.3515625,-170.52941176470588,84.54166666666667,-126.83684210526316,249.52702702702703
-39.0625,-163.78151260504202,61.325,-113.94736842105263,245.27027027027026
-77.640625,-168.57983193277312,58.93333333333333,-102.90526315789474,261.8378378378378
-93.328125,-180.31932773109244,76.41666666666667,-98.39473684210526,278.31081081081084
-86.09375,-193.23529411764707,95.44166666666666,-99.51052631578948,286.52702702702703
-69.5625,-207.51260504201682,107.7,-103.22631578947369,293.77027027027026
-39.578125,-218.81512605042016,109.03333333333333,-115.01052631578948,303.9054054054054
7.9375,-221.3781512605042,96.68333333333334,-127.78421052631579,314.5135135135135
60.3515625,-216.61344537815125,91.1,-123.15263157894736,317.9864864864865
98.328125,-216.42016806722688,96.73333333333333,-104.62105263157895,315.36486486486484
110.90625,-223.78991596638656,82.80833333333334,-94.56842105263158,305.7972972972973
99.28125,-229.57983193277312,47.391666666666666,-105.05263157894737,293.85135135135135
79.3671875,-224.76470588235293,32.84166666666667,-120.65789473684211,293.8243243243243
68.8671875,-209.27731092436974,51.18333333333333,-121.08947368421053,307.1081081081081
67.53125,-206.83193277310923,75.98333333333333,-105.35263157894737,325.0945945945946
52.21875,-218.36974789915968,88.58333333333333,-86.22631578947369,342.7837837837838
24.8984375,-219.54621848739495,79.69166666666666,-73.33684210526316,367.05405405405406
14.1015625,-219.73949579831933,53.7,-62.00526315789474,390.0810810810811
25.65625,-230.7563025210084,36.225,-55.09473684210526,388.56756756756755
47.1015625,-240.52941176470588,44.56666666666667,-63.589473684210525,373.86486486486484
59.34375,-253.47058823529412,71.40833333333333,-83.78421052631579,364.6756756756757
56.9375,-288.8151260504202,102.81666666666666,-103.6421052631579,352.68918918918916
42.8828125,-350.0,134.99166666666667,-111.2,342.2567567567568
20.0390625,-412.1344537815126,162.725,-105.98947368421052,341.9054054054054
17.2109375,-436.12605042016804,171.59166666666667,-96.58947368421053,344.13513513513516
48.953125,-421.97478991596637,161.63333333333333,-93.84736842105264,341.3918918918919
94.3046875,-405.8235294117647,152.99166666666667,-104.03157894736842,335.2027027027027
131.0078125,-396.6470588235294,152.94166666666666,-120.0578947368421,329.7567567567568
155.75,-375.87394957983196,157.60833333333332,-134.8421052631579,311.55405405405406
171.2265625,-328.05882352941177,168.275,-143.8421052631579,278.6216216216216
180.375,-272.1512605042017,187.325,-142.77894736842106,263.43243243243245
187.515625,-243.27731092436974,208.025,-135.03684210526316,265.2567567567568
193.0,-238.6890756302521,209.51666666666668,-126.77368421052631,245.51351351351352
202.0390625,-230.7058823529412,191.95833333333334,-119.0578947368421,211.25675675675674
211.234375,-210.2016806722689,175.88333333333333,-118.43684210526315,192.2027027027027
226.890625,-192.47058823529412,163.425,-126.25263157894737,180.83783783783784
255.5078125,-186.47899159663865,149.79166666666666,-133.2,172.95945945945945
275.2890625,-183.49579831932772,141.01666666666668,-142.30526315789473,187.95945945945945
277.6015625,-180.89915966386553,144.11666666666667,-150.2157894736842,223.17567567567568
274.3671875,-192.72268907563026,146.96666666666667,-140.27894736842106,251.9189189189189
272.625,-212.6218487394958,138.79166666666666,-110.01052631578948,260.8918918918919
274.7734375,-215.10084033613447,131.10833333333332,-70.84210526315789,250.51351351351352
282.7109375,-201.8235294117647,127.425,-39.96842105263158,233.0810810810811
293.421875,-183.85714285714286,118.25,-28.621052631578948,220.7972972972973
290.171875,-162.4033613445378,110.225,-28.83684210526316,202.5810810810811
260.0234375,-146.7731092436975,116.825,-24.157894736842106,175.9189189189189
237.359375,-143.94117647058823,141.55833333333334,-9.263157894736842,150.82432432432432
254.1953125,-144.9579831932773,178.275,4.331578947368421,117.14864864864865
277.6796875,-139.15126050420167,204.925,3.357894736842105,72.02702702702703
297.1953125,-120.11764705882354,201.21666666666667,-8.3,31.93243243243243
331.6796875,-87.71428571428571,176.475,-17.13684210526316,12.635135135135135
360.5,-52.445378151260506,155.00833333333333,-18.33684210526316,7.918918918918919
365.34375,-18.210084033613445,143.94166666666666,-13.589473684210526,-6.918918918918919
355.0859375,14.478991596638656,139.25,-7.505263157894737,-31.513513513513512
337.234375,38.63025210084034,141.36666666666667,-4.052631578947368,-40.0
316.34375,48.109243697478995,150.10833333333332,-1.6631578947368422,-28.486486486486488
285.796875,38.39495798319328,156.35833333333332,2.7421052631578946,-19.324324324324323
239.8359375,18.058823529411764,160.66666666666666,8.347368421052632,-13.554054054054054
203.640625,0.7478991596638656,176.375,10.884210526315789,-3.9054054054054053
197.9921875,-13.117647058823529,199.69166666666666,9.83157894736842,-1.3243243243243243
218.8359375,-28.747899159663866,217.55,10.48421052631579,-8.35135135135135
247.625,-44.857142857142854,229.00833333333333,13.657894736842104,-25.85135135135135
264.640625,-65.21008403361344,243.95833333333334,18.842105263157894,-54.5945945945946
278.359375,-87.09243697478992,268.65833333333336,30.61578947368421,-89.39189189189189
299.640625,-94.91596638655462,293.1166666666667,42.689473684210526,-119.32432432432432
309.7890625,-92.9327731092437,298.14166666666665,45.857894736842105,-124.47297297297297
295.03125,-98.41176470588235,267.21666666666664,44.810526315789474,-114.44594594594595
273.984375,-107.66386554621849,218.23333333333332,45.61052631578947,-109.8108108108108
270.1484375,-100.80672268907563,196.25,47.13157894736842,-99.6891891891892
272.90625,-83.77310924369748,209.725,45.689473684210526,-81.29729729729729
250.53125,-85.21008403361344,239.60833333333332,43.65263157894737,-74.32432432432432
200.765625,-113.09243697478992,265.0,47.18421052631579,-82.6891891891892
152.4921875,-152.3361344537815,275.15833333333336,55.21578947368421,-91.79729729729729
128.53125,-190.7058823529412,276.46666666666664,64.50526315789473,-86.43243243243244
131.296875,-214.64705882352942,274.1666666666667,73.15789473684211,-64.98648648648648
155.5703125,-211.89915966386553,278.7,80.2578947368421,-45.445945945945944
201.8046875,-206.38655462184875,299.30833333333334,83.55263157894737,-44.66216216216216
244.1171875,-225.1596638655462,335.46666666666664,76.62105263157895,-58.067567567567565
240.2421875,-250.7563025210084,382.4583333333333,66.57894736842105,-73.32432432432432
200.125,-258.3697478991597,426.18333333333334,73.5421052631579,-97.79729729729729
162.578125,-250.7058823529412,456.825,97.58421052631579,-135.59459459459458
131.3203125,-244.67226890756302,472.45,110.58421052631579,-163.6081081081081
96.6015625,-240.07563025210084,466.48333333333335,96.3157894736842,-160.83783783783784
70.7890625,-225.58823529411765,439.975,70.16315789473684,-140.64864864864865
57.609375,-205.28571428571428,419.275,52.09473684210526,-121.04054054054055
40.875,-191.54621848739495,431.25,46.415789473684214,-103.55405405405405
22.25,-196.71428571428572,461.73333333333335,43.11052631578947,-100.77027027027027
15.5390625,-227.05042016806723,476.4583333333333,37.21578947368421,-122.24324324324324
20.8125,-277.4957983193277,471.25,37.71052631578947,-154.4189189189189
22.8046875,-328.43697478991595,461.51666666666665,42.694736842105264,-183.09459459459458
9.375,-347.1512605042017,457.625,39.17894736842105,-207.0
-9.546875,-324.11764705882354,459.55,23.03157894736842,-229.47297297297297
-23.0546875,-286.52941176470586,460.0,3.8,-262.3243243243243
-46.6171875,-257.0504201680672,460.725,-5.757894736842105,-305.0810810810811
-88.0078125,-239.94957983193277,463.7,-11.457894736842105,-338.5
-129.484375,-238.42016806722688,466.1666666666667,-23.010526315789473,-363.35135135135135
-154.8046875,-235.7731092436975,479.0083333333333,-34.88947368421053,-378.22972972972974
-157.875,-217.91596638655463,503.5,-42.136842105263156,-366.6756756756757
-145.3828125,-199.890756302521,518.0333333333333,-38.27368421052632,-337.0945945945946
-125.15625,-183.63025210084032,514.8333333333334,-24.763157894736842,-312.81081081081084
-100.9765625,-164.83193277310923,504.23333333333335,-21.16842105263158,-294.0
-97.6015625,-155.52100840336135,488.125,-36.00526315789474,-274.86486486486484
-140.140625,-162.6218487394958,464.85,-64.83684210526316,-262.77027027027026
-201.9453125,-185.81512605042016,447.53333333333336,-90.44736842105263,-254.56756756756758
-239.3359375,-216.9579831932773,444.14166666666665,-96.29473684210527,-247.04054054054055
-255.84375,-244.4033613445378,449.03333333333336,-88.91578947368421,-239.36486486486487
-262.5546875,-262.61344537815125,457.9166666666667,-77.34210526315789,-216.3108108108108
-257.1640625,-265.92436974789916,464.93333333333334,-67.26842105263158,-170.48648648648648
-258.0703125,-253.73949579831933,472.15,-68.47368421052632,-127.54054054054055
-263.7578125,-242.2268907563025,480.375,-80.18947368421053,-112.32432432432432
-253.8515625,-245.2436974789916,464.59166666666664,-92.38421052631578,-125.20270270270271
-240.171875,-249.56302521008402,422.1,-105.11052631578947,-164.97297297297297
-242.125,-234.98319327731093,398.01666666666665,-123.34210526315789,-210.22972972972974
-265.671875,-203.1344537815126,398.3333333333333,-136.8684210526316,-225.44594594594594
-317.6328125,-171.9747899159664,379.98333333333335,-137.28947368421052,-215.63513513513513
-380.8046875,-151.71428571428572,340.75,-142.43157894736842,-221.05405405405406
-417.5078125,-133.9075630252101,309.30833333333334,-167.93684210526317,-240.95945945945945
-421.859375,-109.50420168067227,286.0416666666667,-192.42105263157896,-243.54054054054055
-418.7109375,-85.6890756302521,263.2083333333333,-196.85263157894738,-241.24324324324326
-433.1484375,-74.90756302521008,252.33333333333334,-198.95263157894738,-246.93243243243242
-477.5,-74.32773109243698,258.3,-209.6263157894737,-241.27027027027026
-534.8046875,-72.63025210084034,266.8666666666667,-212.3684210526316,-227.86486486486487
-579.4375,-76.68067226890756,265.6666666666667,-201.41052631578947,-225.8108108108108
-604.5078125,-94.68067226890756,261.4916666666667,-192.7,-229.54054054054055
-607.859375,-107.3781512605042,267.76666666666665,-192.96842105263158,-229.6891891891892
-591.40625,-105.52100840336135,274.825,-197.2421052631579,-222.3108108108108
-560.25,-105.5126050420168,265.65833333333336,-207.3421052631579,-208.25675675675674
-517.375,-107.15966386554622,245.84166666666667,-221.77894736842106,-203.35135135135135
-482.921875,-102.80672268907563,229.975,-229.06315789473683,-219.97297297297297
-475.84375,-102.87394957983193,227.89166666666668,-223.57894736842104,-238.40540540540542
-487.984375,-102.73949579831933,246.30833333333334,-214.2157894736842,-232.25675675675674
-500.6953125,-89.61344537815125,274.60833333333335,-210.12105263157895,-214.3108108108108
-497.1171875,-75.96638655462185,290.25,-208.3736842105263,-211.63513513513513
-478.09375,-71.04201680672269,290.43333333333334,-210.05789473684212,-232.0
-459.9921875,-70.47058823529412,285.60833333333335,-216.6157894736842,-258.97297297297297
-455.796875,-78.72268907563026,281.21666666666664,-222.87894736842105,-279.1216216216216
-464.078125,-102.78991596638656,278.225,-230.85263157894738,-293.2162162162162
-472.5859375,-134.2689075630252,276.56666666666666,-236.50526315789475,-291.3378378378378
-477.2890625,-158.9327731092437,283.8666666666667,-231.46315789473684,-280.4594594594595
-479.3046875,-170.2268907563025,304.2583333333333,-225.2421052631579,-278.7567567567568
-472.34375,-169.7058823529412,313.7583333333333,-226.8684210526316,-272.64864864864865
-449.515625,-160.3781512605042,296.73333333333335,-229.69473684210527,-251.35135135135135
-430.1484375,-148.71428571428572,278.6333333333333,-230.8,-219.06756756756758
-431.1875,-143.7563025210084,272.8833333333333,-237.80526315789473,-195.27027027027026
-438.2890625,-136.87394957983193,269.1,-253.3684210526316,-205.3918918918919
-446.7265625,-119.10084033613445,262.7083333333333,-272.18947368421055,-244.3783783783784
-455.2734375,-95.33613445378151,257.925,-284.44736842105266,-289.7027027027027
-451.28125,-71.16806722689076,258.125,-280.30526315789473,-317.94594594594594
-441.3125,-50.91596638655462,254.05833333333334,-268.83684210526314,-325.7162162162162
-446.109375,-33.596638655462186,250.98333333333332,-269.4894736842105,-329.8918918918919
-464.3203125,-10.0,260.9166666666667,-281.68947368421055,-331.4054054054054
-468.7890625,18.92436974789916,274.89166666666665,-289.88947368421054,-316.1216216216216
-442.4921875,45.05882352941177,281.98333333333335,-292.7842105263158,-287.0405405405405
-400.4453125,65.42857142857143,284.1,-308.08947368421053,-253.27027027027026
-378.3984375,70.10084033613445,280.09166666666664,-338.2157894736842,-224.47297297297297
-385.7265625,55.49579831932773,262.84166666666664,-363.5842105263158,-208.33783783783784
-398.65625,35.714285714285715,240.45833333333334,-377.2473684210526,-188.02702702702703
-416.796875,23.26050420168067,226.9,-386.7421052631579,-159.47297297297297
-456.03125,22.3781512605042,219.24166666666667,-390.34736842105264,-141.45945945945945
-511.4375,29.521008403361346,208.51666666666668,-381.9526315789474,-134.86486486486487
-563.8828125,40.20168067226891,192.06666666666666,-368.18947368421055,-138.04054054054055
-579.6171875,52.890756302521005,171.29166666666666,-360.5842105263158,-162.17567567567568
-545.515625,68.43697478991596,153.04166666666666,-365.96315789473687,-196.54054054054055
-506.015625,81.73109243697479,142.95833333333334,-373.16315789473686,-210.17567567567568
-498.6171875,74.3781512605042,138.28333333333333,-363.32105263157894,-193.35135135135135
-518.515625,53.60504201680672,143.60833333333332,-344.70526315789476,-164.94594594594594
-553.734375,46.924369747899156,157.98333333333332,-334.37894736842105,-149.1216216216216
-600.609375,57.714285714285715,162.11666666666667,-330.80526315789473,-147.63513513513513
-653.1484375,70.22689075630252,156.71666666666667,-327.40526315789475,-140.94594594594594
-684.265625,64.1344537815126,159.625,-327.77894736842103,-121.63513513513513
-697.890625,40.34453781512605,165.875,-331.58947368421053,-108.22972972972973
-725.109375,17.462184873949578,165.0,-335.18947368421055,-114.02702702702703
-750.4296875,-3.319327731092437,159.14166666666668,-336.85263157894735,-129.27027027027026
-756.6484375,-18.369747899159663,150.875,-328.34736842105264,-138.90540540540542
-755.09375,-21.596638655462186,149.63333333333333,-312.79473684210524,-133.27027027027026
-750.03125,-24.81512605042017,165.98333333333332,-295.18947368421055,-112.25675675675676
-735.0859375,-35.90756302521008,190.25833333333333,-275.32105263157894,-92.54054054054055
-711.0625,-42.67226890756302,201.925,-258.4894736842105,-88.52702702702703
-678.28125,-25.95798319327731,196.23333333333332,-249.90526315789472,-96.98648648648648
-644.4765625,13.588235294117647,189.05833333333334,-244.32105263157894,-104.95945945945945
-628.5546875,49.69747899159664,197.275,-224.2842105263158,-106.39189189189189
-620.109375,63.21008403361345,213.11666666666667,-191.3,-106.95945945945945
-603.3359375,66.21008403361344,212.49166666666667,-162.24736842105264,-110.39189189189189
-586.4609375,73.65546218487395,190.4,-143.6578947368421,-116.35135135135135
-580.8125,89.47899159663865,169.49166666666667,-128.37894736842105,-121.77027027027027
-592.015625,122.03361344537815,167.16666666666666,-113.03157894736842,-120.39189189189189
-617.5390625,152.54621848739495,176.64166666666668,-112.18947368421053,-104.98648648648648
-641.6328125,153.0672268907563,180.00833333333333,-126.62105263157895,-84.64864864864865
-654.8203125,130.2268907563025,168.6,-134.4157894736842,-84.60810810810811
-661.21875,87.45378151260505,150.94166666666666,-125.43157894736842,-96.04054054054055
-658.1796875,31.159663865546218,133.95833333333334,-110.59473684210526,-85.47297297297297
-649.859375,-6.008403361344538,118.16666666666667,-97.01052631578948,-56.7027027027027
-650.28125,-9.218487394957982,106.98333333333333,-83.73684210526316,-48.33783783783784
-662.25,1.1512605042016806,104.1,-76.43684210526315,-75.51351351351352
-667.8125,7.436974789915967,107.375,-73.75263157894737,-123.63513513513513
-651.7109375,12.411764705882353,113.15833333333333,-63.61052631578947,-175.64864864864865
-636.4140625,27.73109243697479,123.69166666666666,-41.28947368421053,-206.33783783783784
-639.9765625,50.79831932773109,131.68333333333334,-14.205263157894738,-210.21621621621622
-649.953125,62.15126050420168,128.46666666666667,8.321052631578947,-206.78378378378378
-657.0625,71.84033613445378,118.125,22.278947368421054,-217.22972972972974
-659.1015625,102.26890756302521,109.08333333333333,28.05263157894737,-247.06756756756758
-657.9765625,141.0252100840336,106.56666666666666,28.36315789473684,-271.3378378378378
-653.171875,164.43697478991598,102.66666666666667,28.36842105263158,-268.2837837837838
-643.90625,165.3109243697479,91.075,27.57894736842105,-244.52702702702703
-646.8828125,140.74789915966386,77.53333333333333,18.942105263157895,-219.95945945945945
-652.8359375,98.34453781512605,76.21666666666667,6.505263157894737,-217.1891891891892
-631.609375,67.36134453781513,83.48333333333333,4.652631578947369,-244.77027027027026
-602.0625,69.91596638655462,83.175,15.121052631578948,-281.36486486486484
-594.3515625,97.52941176470588,79.15,28.773684210526316,-301.4594594594595
-586.9765625,121.0,78.79166666666667,36.36842105263158,-294.93243243243245
-551.5078125,120.29411764705883,78.45833333333333,34.28947368421053,-272.3783783783784
-511.75,108.18487394957984,79.28333333333333,27.83684210526316,-253.3783783783784
-486.8046875,114.10084033613445,93.86666666666666,24.378947368421052,-249.44594594594594
-459.53125,140.69747899159663,112.20833333333333,29.026315789473685,-262.27027027027026
-430.7265625,167.8655462184874,113.78333333333333,37.747368421052634,-272.9594594594595
-409.2421875,189.05882352941177,105.35833333333333,40.78947368421053,-268.22972972972974
-383.8359375,205.78151260504202,96.63333333333334,32.05263157894737,-259.14864864864865
-355.796875,212.18487394957984,87.05,10.452631578947368,-260.1216216216216
-341.6875,210.10084033613447,81.69166666666666,-20.910526315789475,-268.1621621621622
-341.265625,197.49579831932772,85.11666666666666,-61.47894736842105,-277.7027027027027
-348.7890625,172.01680672268907,91.8,-101.72105263157894,-298.44594594594594
-360.6484375,151.8655462184874,93.46666666666667,-120.01052631578948,-323.4054054054054
-373.7109375,133.61344537815125,88.66666666666667,-115.74736842105263,-331.5405405405405
-379.796875,101.36974789915966,78.35,-104.47894736842105,-316.0945945945946
-361.484375,73.9327731092437,60.15833333333333,-98.13157894736842,-275.7567567567568
-323.4921875,69.15966386554622,36.18333333333333,-109.36315789473684,-226.66216216216216
-289.59375,69.69747899159664,10.258333333333333,-138.28947368421052,-191.6891891891892
-272.5234375,56.260504201680675,-10.616666666666667,-172.12105263157895,-174.04054054054055
-267.3046875,41.680672268907564,-16.541666666666668,-192.85263157894738,-175.93243243243242
-263.4921875,43.72268907563025,-9.791666666666666,-193.9842105263158,-197.83783783783784
-247.09375,48.38655462184874,-0.075,-186.07894736842104,-223.43243243243242
-214.7734375,34.46218487394958,2.475,-174.47894736842105,-237.63513513513513
-194.703125,8.974789915966387,-27.283333333333335,-168.96842105263158,-236.40540540540542
-204.1875,-8.302521008403362,-96.85,-175.9,-222.54054054054055
-211.8125,-15.378151260504202,-168.31666666666666,-174.9842105263158,-197.63513513513513
-193.484375,-24.49579831932773,-207.63333333333333,-159.69473684210527,-163.24324324324326
-171.6875,-37.76470588235294,-220.49166666666667,-147.68421052631578,-134.97297297297297
-157.203125,-40.8235294117647,-229.16666666666666,-139.26315789473685,-124.37837837837837
-127.2421875,-34.38655462184874,-246.91666666666666,-121.88421052631578,-119.43243243243244
-84.3515625,-35.84873949579832,-268.69166666666666,-97.04736842105264,-100.47297297297297
-66.4609375,-43.39495798319328,-278.81666666666666,-76.9421052631579,-72.33783783783784
-85.25,-41.79831932773109,-276.925,-63.44736842105263,-50.608108108108105
-108.171875,-29.26050420168067,-281.45,-46.473684210526315,-37.148648648648646
-111.671875,-30.319327731092436,-298.06666666666666,-25.589473684210525,-33.054054054054056
-100.453125,-53.02521008403362,-315.525,-8.757894736842106,-32.270270270270274
-70.0625,-70.52941176470588,-321.05833333333334,10.026315789473685,-28.66216216216216
-19.1796875,-71.6470588235294,-311.78333333333336,41.55263157894737,-9.797297297297296
30.53125,-72.26050420168067,-308.3,75.75263157894737,36.0
62.28125,-84.19327731092437,-325.56666666666666,91.21578947368421,77.75675675675676
82.8046875,-101.75630252100841,-353.225,79.67894736842105,83.4054054054054
103.984375,-114.96638655462185,-375.1666666666667,61.294736842105266,79.89189189189189
103.5,-118.3781512605042,-380.15,62.77368421052632,96.48648648648648
62.0234375,-118.24369747899159,-370.6,78.39473684210526,117.45945945945945
16.921875,-127.36974789915966,-368.2583333333333,91.32105263157895,126.28378378378379
-1.859375,-150.92436974789916,-386.10833333333335,109.59473684210526,130.86486486486487
-4.0625,-187.0924369747899,-401.4583333333333,134.94210526315788,135.8108108108108
13.390625,-220.88235294117646,-401.23333333333335,153.49473684210525,132.74324324324326
41.828125,-236.98319327731093,-398.90833333333336,162.5421052631579,121.25675675675676
46.0,-240.91596638655463,-396.39166666666665,157.85263157894738,121.06756756756756
34.4453125,-242.39495798319328,-393.9916666666667,141.34736842105264,131.2972972972973
39.34375,-242.7983193277311,-394.675,127.36842105263158,119.32432432432432
54.6171875,-235.2016806722689,-392.03333333333336,121.32631578947368,80.77027027027027
57.5625,-211.64705882352942,-389.7416666666667,126.68947368421053,39.554054054054056
38.8203125,-182.72268907563026,-392.46666666666664,140.3578947368421,5.6891891891891895
-0.03125,-167.30252100840337,-384.71666666666664,149.54736842105262,-14.35135135135135
-37.1171875,-168.52941176470588,-370.96666666666664,150.19473684210527,-21.864864864864863
-44.0,-164.109243697479,-377.93333333333334,143.22105263157894,-31.905405405405407
-27.3671875,-140.36974789915968,-392.7416666666667,138.3,-45.770270270270274
-3.75,-116.47058823529412,-381.875,152.67894736842106,-60.391891891891895
21.0390625,-97.92436974789916,-354.19166666666666,177.31052631578947,-81.94594594594595
37.5546875,-80.92436974789916,-346.8333333333333,184.61052631578949,-107.79729729729729
45.078125,-73.10924369747899,-372.2916666666667,170.43684210526317,-133.13513513513513
47.25,-73.10084033613445,-408.45,156.90526315789472,-148.25675675675674
50.21875,-74.40336134453781,-431.825,154.6315789473684,-140.8783783783784
51.078125,-54.66386554621849,-446.275,151.9,-118.44594594594595
45.34375,-4.151260504201681,-461.8333333333333,143.0,-97.32432432432432
43.671875,42.12605042016807,-469.0,136.4,-94.87837837837837
46.765625,66.57142857142857,-460.7,135.3736842105263,-115.75675675675676
51.890625,87.46218487394958,-445.78333333333336,131.7263157894737,-152.54054054054055
65.3125,110.4201680672269,-425.85833333333335,121.0,-199.47297297297297
74.984375,123.46218487394958,-399.15,109.48421052631579,-236.28378378378378
60.4609375,121.81512605042016,-379.2,101.3157894736842,-246.86486486486487
26.28125,127.60504201680672,-376.95,92.78947368421052,-243.33783783783784
-7.9453125,155.67226890756302,-389.14166666666665,84.84736842105264,-239.8108108108108
-33.7109375,189.73949579831933,-399.725,84.16315789473684,-240.16216216216216
-56.0234375,225.4033613445378,-395.275,89.05263157894737,-243.82432432432432
-80.984375,257.2857142857143,-380.40833333333336,96.0578947368421,-248.3108108108108
-113.2265625,264.34453781512605,-366.0416666666667,105.7,-247.06756756756758
-142.640625,252.12605042016807,-367.2,119.4,-222.33783783783784
-148.234375,235.0252100840336,-387.9916666666667,131.3421052631579,-168.36486486486487
-131.515625,211.8403361344538,-407.53333333333336,130.66842105263157,-108.44594594594595
-107.8515625,188.69747899159663,-411.18333333333334,122.67894736842105,-58.932432432432435
-79.2578125,176.2268907563025,-411.575,120.77368421052631,-19.716216216216218
-49.71875,167.18487394957984,-423.975,117.66842105263157,4.445945945945946
-44.734375,154.64705882352942,-435.28333333333336,107.82631578947368,4.986486486486487
-62.9921875,164.01680672268907,-421.05,101.71052631578948,-18.027027027027028
-64.7109375,200.53781512605042,-390.3833333333333,99.20526315789473,-44.229729729729726
-49.3125,219.49579831932772,-372.06666666666666,99.06842105263158,-53.986486486486484
-45.7265625,216.49579831932772,-367.14166666666665,104.67368421052632,-45.067567567567565
-50.3125,223.46218487394958,-365.525,105.71578947368421,-29.513513513513512
-53.953125,233.8235294117647,-375.94166666666666,95.84210526315789,-7.72972972972973
-59.875,231.12605042016807,-395.775,86.05263157894737,26.81081081081081
-70.4453125,208.80672268907563,-396.1333333333333,78.6421052631579,51.54054054054054
-83.7265625,170.52941176470588,-373.4583333333333,73.23157894736842,58.2027027027027
-86.7109375,137.3613445378151,-350.5,76.91052631578947,69.02702702702703
-64.1953125,109.4453781512605,-336.43333333333334,87.67894736842105,81.21621621621621
-22.765625,70.78151260504201,-334.28333333333336,94.38947368421053,89.9054054054054
0.875,35.36974789915966,-344.475,88.4,111.93243243243244
-3.40625,26.915966386554622,-355.55,72.10526315789474,142.4189189189189
-6.8359375,37.436974789915965,-365.76666666666665,49.42631578947368,154.04054054054055
-6.8203125,46.04201680672269,-379.8,19.01578947368421,147.28378378378378
-25.5859375,51.99159663865546,-385.03333333333336,-5.605263157894737,139.28378378378378
-55.015625,61.319327731092436,-377.4916666666667,-6.257894736842105,125.86486486486487
-73.3984375,67.4201680672269,-369.2916666666667,10.93157894736842,98.6891891891892
-83.078125,54.319327731092436,-367.2416666666667,29.4,70.63513513513513
-74.890625,25.050420168067227,-371.48333333333335,39.16315789473684,66.67567567567568
-36.4765625,7.554621848739496,-376.0833333333333,38.81578947368421,94.28378378378379
8.6015625,10.277310924369749,-384.48333333333335,41.536842105263155,132.6216216216216
38.40625,18.571428571428573,-405.5833333333333,54.43157894736842,153.8108108108108
47.3984375,18.07563025210084,-420.9583333333333,60.98421052631579,140.21621621621622
31.140625,-0.7142857142857143,-400.875,55.64736842105263,114.60810810810811
9.71875,-32.470588235294116,-357.23333333333335,57.16315789473684,114.55405405405405
6.9140625,-59.11764705882353,-322.3333333333333,76.32631578947368,131.28378378378378
11.9375,-70.31932773109244,-299.9916666666667,103.89473684210526,152.56756756756758
3.84375,-70.5798319327731,-288.9,119.00526315789473,182.14864864864865
-8.421875,-72.4201680672269,-283.775,109.53157894736842,195.72972972972974
10.1796875,-76.60504201680672,-270.3333333333333,86.65263157894736,172.63513513513513
58.28125,-75.96638655462185,-251.50833333333333,66.41578947368421,130.8783783783784
101.0390625,-78.50420168067227,-235.89166666666668,52.22105263157895,81.08108108108108
125.0,-82.76470588235294,-218.225,44.93684210526316,12.04054054054054
126.3984375,-85.54621848739495,-191.24166666666667,41.578947368421055,-44.78378378378378
104.53125,-94.72268907563026,-158.025,31.394736842105264,-51.810810810810814
73.953125,-104.90756302521008,-135.51666666666668,12.81578947368421,-35.770270270270274
48.96875,-106.04201680672269,-128.36666666666667,-7.21578947368421,-32.229729729729726
37.8828125,-91.36974789915966,-125.225,-27.210526315789473,-44.229729729729726
44.6640625,-65.0672268907563,-115.16666666666667,-48.81578947368421,-65.29729729729729
61.6015625,-41.9327731092437,-84.225,-77.0578947368421,-91.36486486486487
75.0625,-36.554621848739494,-41.55833333333333,-108.1421052631579,-117.91891891891892
79.7578125,-66.56302521008404,-10.408333333333333,-127.37368421052632,-137.06756756756758
79.7265625,-125.11764705882354,11.475,-132.82631578947368,-137.64864864864865
78.2734375,-168.07563025210084,29.6,-134.31052631578947,-125.62162162162163
74.65625,-174.28571428571428,39.125,-137.97894736842105,-116.02702702702703
76.34375,-175.49579831932772,37.74166666666667,-140.62105263157895,-103.91891891891892
93.0546875,-195.1344537815126,33.333333333333336,-142.3684210526316,-93.54054054054055
107.40625,-215.81512605042016,39.0,-144.26842105263157,-103.8108108108108
93.9921875,-224.42016806722688,48.95,-140.00526315789475,-135.55405405405406
62.234375,-223.54621848739495,60.35,-130.49473684210525,-174.94594594594594
40.015625,-213.43697478991598,84.8,-117.71578947368421,-209.86486486486487
36.4921875,-197.39495798319328,104.95833333333333,-106.8578947368421,-236.40540540540542
42.546875,-184.49579831932772,96.36666666666666,-107.61052631578947,-241.13513513513513
50.8203125,-177.47899159663865,68.88333333333334,-112.30526315789474,-218.77027027027026
54.046875,-167.50420168067228,43.7,-104.02631578947368,-195.67567567567568
43.1953125,-159.0420168067227,33.575,-80.22631578947369,-189.47297297297297
33.125,-166.47899159663865,37.166666666666664,-59.10526315789474,-182.9189189189189
44.7109375,-185.5966386554622,48.108333333333334,-55.136842105263156,-171.33783783783784
72.9140625,-208.81512605042016,62.0,-56.636842105263156,-178.1891891891892
98.3984375,-235.9327731092437,65.475,-55.88421052631579,-194.54054054054055
103.015625,-252.45378151260505,52.94166666666667,-56.66315789473684,-186.02702702702703
92.6640625,-249.5966386554622,33.53333333333333,-57.06842105263158,-155.77027027027026
88.390625,-245.48739495798318,20.808333333333334,-55.52105263157895,-131.06756756756758
90.953125,-254.31932773109244,20.808333333333334,-58.00526315789474,-120.55405405405405
96.6875,-259.61344537815125,32.25833333333333,-67.25263157894737,-127.24324324324324
109.1171875,-243.6638655462185,56.083333333333336,-69.46842105263158,-145.71621621621622
118.1875,-220.28571428571428,89.30833333333334,-56.81578947368421,-158.14864864864865
110.8359375,-205.7731092436975,116.6,-37.68421052631579,-163.32432432432432
91.015625,-192.25210084033614,124.39166666666667,-24.13157894736842,-162.21621621621622
77.296875,-163.96638655462183,117.01666666666667,-18.221052631578946,-162.8918918918919
62.6328125,-128.8235294117647,105.09166666666667,-11.489473684210527,-184.48648648648648
25.15625,-99.46218487394958,94.84166666666667,-3.1473684210526316,-209.66216216216216
-11.703125,-78.96638655462185,94.19166666666666,1.2736842105263158,-215.1216216216216
-19.0234375,-76.21848739495799,111.28333333333333,-1.5421052631578946,-209.35135135135135
-12.125,-91.82352941176471,135.75833333333333,-7.273684210526316,-206.75675675675674
-9.921875,-116.47058823529412,147.55833333333334,-11.089473684210526,-212.52702702702703
-14.9375,-134.9075630252101,145.0,-18.24736842105263,-221.3108108108108
-24.015625,-140.78151260504202,135.46666666666667,-27.83157894736842,-226.6216216216216
-22.4453125,-148.38655462184875,120.03333333333333,-22.46315789473684,-230.25675675675674
-5.265625,-158.78991596638656,99.13333333333334,3.6473684210526316,-233.59459459459458
14.3515625,-152.7983193277311,80.05833333333334,27.147368421052633,-240.98648648648648
31.3515625,-124.89915966386555,77.425,37.578947368421055,-266.1216216216216
50.453125,-88.63025210084034,91.15,56.23684210526316,-297.85135135135135
59.421875,-57.285714285714285,110.35833333333333,89.60526315789474,-307.9189189189189
54.6484375,-45.05042016806723,138.71666666666667,114.71052631578948,-313.27027027027026
68.109375,-53.97478991596638,170.09166666666667,120.1,-333.6081081081081
109.3828125,-64.73109243697479,181.975,114.79473684210527,-340.06756756756755
151.4296875,-65.30252100840336,176.0,103.91578947368421,-325.05405405405406
173.0234375,-59.3109243697479,184.35,81.96315789473684,-321.06756756756755
177.9453125,-42.51260504201681,217.51666666666668,46.66315789473684,-333.6756756756757
178.71875,-12.596638655462185,247.125,12.194736842105263,-350.1756756756757
181.8046875,6.907563025210084,256.80833333333334,1.3263157894736841,-356.31081081081084
188.2578125,-3.9243697478991595,252.03333333333333,18.53684210526316,-349.0135135135135
194.328125,-26.647058823529413,241.05833333333334,36.036842105263155,-337.3783783783784
203.3828125,-37.76470588235294,231.00833333333333,32.96842105263158,-318.86486486486484
219.6875,-36.48739495798319,225.075,20.91578947368421,-310.7432432432432
236.375,-34.04201680672269,221.475,6.994736842105263,-335.1756756756757
239.0546875,-39.09243697478992,220.99166666666667,-18.1,-383.8918918918919
220.0,-42.11764705882353,228.71666666666667,-43.415789473684214,-428.77027027027026
194.578125,-24.15126050420168,236.91666666666666,-44.752631578947366,-448.93243243243245
188.7265625,11.806722689075631,237.325,-29.75263157894737,-447.3243243243243
212.1953125,34.285714285714285,240.35833333333332,-21.805263157894736,-442.3783783783784
249.09375,39.88235294117647,249.78333333333333,-21.61578947368421,-449.0
269.03125,67.58823529411765,248.95,-16.1,-463.7837837837838
261.7578125,113.76470588235294,228.89166666666668,-1.6105263157894736,-484.68918918918916
255.6796875,137.34453781512605,201.99166666666667,10.41578947368421,-516.6216216216217
265.0,129.9579831932773,188.19166666666666,9.347368421052632,-546.1216216216217
266.0703125,104.91596638655462,185.8,-2.136842105263158,-558.8918918918919
253.2265625,76.81512605042016,180.43333333333334,-17.042105263157893,-556.527027027027
235.9765625,57.80672268907563,171.74166666666667,-27.41578947368421,-541.1351351351351
217.8984375,49.252100840336134,167.425,-30.11578947368421,-518.2567567567568
214.0078125,49.32773109243698,170.49166666666667,-28.63684210526316,-491.9054054054054
234.4921875,53.260504201680675,176.65,-24.894736842105264,-471.22972972972974
267.6953125,45.88235294117647,174.4,-26.16842105263158,-461.0135135135135
289.0078125,27.470588235294116,169.80833333333334,-22.873684210526317,-449.8783783783784
279.65625,12.109243697478991,185.28333333333333,3.031578947368421,-431.14864864864865
254.171875,-0.36134453781512604,213.74166666666667,39.16842105263158,-418.5945945945946
230.140625,-5.579831932773109,229.06666666666666,62.45789473684211,-422.4054054054054
206.40625,6.2100840336134455,221.63333333333333,62.752631578947366,-425.06756756756755
197.2265625,31.831932773109244,199.975,50.05263157894737,-417.44594594594594
211.84375,59.57142857142857,183.75833333333333,42.93157894736842,-411.22972972972974
239.21875,76.3781512605042,177.19166666666666,43.17368421052632,-401.7432432432432
282.7578125,80.94117647058823,166.64166666666668,41.04736842105263,-374.36486486486484
334.953125,76.40336134453781,156.44166666666666,37.357894736842105,-327.68918918918916
364.1171875,53.32773109243698,150.025,39.73157894736842,-275.6216216216216
364.203125,14.050420168067227,140.55,49.32105263157895,-233.17567567567568
359.265625,-13.436974789915967,132.7,60.584210526315786,-199.3783783783784
358.1171875,-17.176470588235293,121.1,70.53684210526316,-170.85135135135135
369.734375,-15.100840336134453,104.09166666666667,78.62631578947368,-150.63513513513513
408.8046875,-18.974789915966387,89.15833333333333,80.58421052631579,-134.97297297297297
457.4296875,-16.95798319327731,78.375,79.19473684210526,-133.48648648648648
487.109375,3.2857142857142856,74.63333333333334,84.20526315789473,-162.32432432432432
488.8046875,36.563025210084035,81.89166666666667,100.08947368421053,-197.43243243243242
469.9140625,71.21848739495799,103.5,121.60526315789474,-208.3918918918919
450.3046875,94.66386554621849,130.675,140.98947368421054,-200.2972972972973
448.78125,102.58823529411765,136.80833333333334,152.7157894736842,-190.74324324324326
463.015625,101.4453781512605,102.55,154.2,-187.98648648648648
469.296875,96.89075630252101,51.88333333333333,146.6421052631579,-182.13513513513513
461.6875,91.84873949579831,23.158333333333335,133.5421052631579,-148.3918918918919
453.1015625,89.41176470588235,20.25,127.0578947368421,-85.63513513513513
433.8515625,92.30252100840336,23.308333333333334,139.02105263157895,-26.60810810810811
405.0859375,96.94117647058823,17.316666666666666,167.6263157894737,19.81081081081081
390.125,94.63865546218487,-3.7,202.05789473684212,52.54054054054054
381.2265625,77.05042016806723,-30.325,231.68421052631578,62.86486486486486
365.015625,50.32773109243698,-41.525,256.2736842105263,69.27027027027027
356.25,30.327731092436974,-32.975,276.9,88.39189189189189
366.1953125,21.210084033613445,-14.575,282.2157894736842,109.62162162162163
393.8984375,24.310924369747898,3.35,271.1736842105263,110.94594594594595
422.3203125,49.87394957983193,12.25,265.4157894736842,92.87837837837837
430.7890625,102.09243697478992,15.566666666666666,276.7631578947368,79.45945945945945
411.890625,156.30252100840337,23.858333333333334,293.4157894736842,84.9054054054054
365.40625,190.2689075630252,33.766666666666666,299.2631578947368,108.24324324324324
318.609375,213.96638655462183,26.883333333333333,290.5052631578947,140.47297297297297
301.6875,238.83193277310923,-0.21666666666666667,274.7,173.2972972972973
298.875,254.48739495798318,-23.316666666666666,261.42105263157896,201.52702702702703
278.4765625,248.8655462184874,-27.291666666666668,253.76315789473685,227.44594594594594
256.625,237.08403361344537,-17.925,242.5421052631579,260.18918918918916
262.828125,238.26050420168067,-8.491666666666667,226.76315789473685,287.6081081081081
284.203125,244.9327731092437,-10.2,219.0,299.35135135135135
303.421875,246.81512605042016,-15.425,217.08947368421053,310.7027027027027
313.234375,252.45378151260505,-12.35,212.19473684210527,332.9864864864865
308.6953125,257.4453781512605,-1.9333333333333333,211.2736842105263,368.43243243243245
304.6796875,247.68067226890756,14.233333333333333,212.93684210526317,405.85135135135135
308.40625,231.9075630252101,28.341666666666665,213.45263157894738,421.4189189189189
303.703125,223.18487394957984,29.766666666666666,218.13684210526316,413.27027027027026
285.3515625,232.7310924369748,31.058333333333334,220.57368421052632,396.2432432432432
265.578125,256.672268907563,41.233333333333334,218.92105263157896,375.4189189189189
246.265625,278.94117647058823,45.666666666666664,219.89473684210526,361.1756756756757
221.7109375,302.6218487394958,40.975,214.07368421052632,369.1216216216216
200.0,326.0420168067227,32.708333333333336,187.71052631578948,390.36486486486484
187.03125,345.4117647058824,21.225,155.9,391.9054054054054
174.078125,366.7563025210084,7.891666666666667,141.92105263157896,366.02702702702703
161.59375,378.6470588235294,-1.85,139.93684210526317,332.05405405405406
156.375,377.3781512605042,-1.9416666666666667,141.94736842105263,305.44594594594594
148.984375,368.5126050420168,2.941666666666667,151.93684210526317,290.55405405405406
123.1953125,341.5546218487395,4.758333333333334,166.26842105263157,283.4189189189189
77.6484375,308.10084033613447,4.708333333333333,179.46315789473684,281.7972972972973
39.5078125,297.92436974789916,3.558333333333333,186.4157894736842,272.14864864864865
39.484375,308.8235294117647,2.6083333333333334,181.57368421052632,246.02702702702703
73.5625,324.2689075630252,12.066666666666666,171.87894736842105,215.86486486486487
114.4453125,339.0,22.791666666666668,163.76315789473685,194.74324324324326
132.546875,356.07563025210084,19.041666666666668,155.87894736842105,187.8918918918919
130.21875,383.4621848739496,18.516666666666666,150.25263157894736,178.8918918918919
136.7421875,414.4873949579832,33.81666666666667,152.07894736842104,150.66216216216216
152.28125,432.6302521008403,48.925,163.07368421052632,125.02702702702703
152.828125,442.89915966386553,59.4,172.12105263157895,116.06756756756756
135.84375,444.52100840336135,63.30833333333333,170.09473684210528,109.83783783783784
126.578125,427.7647058823529,48.4,163.77894736842106,107.35135135135135
129.5625,410.4957983193277,30.225,156.93157894736842,108.02702702702703
125.8828125,408.11764705882354,28.358333333333334,149.07368421052632,100.01351351351352
112.4921875,414.4453781512605,32.11666666666667,144.58947368421053,88.06756756756756
90.6953125,419.07563025210084,36.916666666666664,140.82105263157894,86.82432432432432
68.0703125,413.57142857142856,47.925,128.47894736842105,100.70270270270271
50.6484375,405.78991596638656,53.81666666666667,111.37368421052632,121.0
46.546875,411.5042016806723,47.75833333333333,94.8157894736842,135.6081081081081
77.3515625,429.3697478991597,37.88333333333333,77.50526315789473,138.01351351351352
112.2109375,440.93277310924367,33.375,62.28947368421053,128.7027027027027
105.1328125,432.4453781512605,36.925,51.142105263157895,106.71621621621621
84.0,416.6218487394958,43.00833333333333,44.705263157894734,85.20270270270271
75.09375,407.4033613445378,52.125,43.50526315789474,75.77027027027027
60.4921875,400.5798319327731,66.31666666666666,47.82105263157895,61.41891891891892
43.0390625,398.5546218487395,78.875,50.305263157894736,42.71621621621622
35.296875,404.1512605042017,89.76666666666667,43.742105263157896,32.7972972972973
38.828125,415.42857142857144,101.54166666666667,32.60526315789474,23.094594594594593
57.0,439.11764705882354,108.81666666666666,24.0,12.135135135135135
67.2578125,465.93277310924367,113.68333333333334,14.589473684210526,3.472972972972973
48.609375,474.2857142857143,124.84166666666667,-0.07368421052631578,-12.716216216216216
28.4453125,460.39495798319325,137.21666666666667,-10.689473684210526,-36.432432432432435
23.40625,429.73949579831935,146.00833333333333,-7.8578947368421055,-45.21621621621622
22.984375,398.5378151260504,156.10833333333332,4.773684210526316,-32.027027027027025
33.4765625,395.2352941176471,165.925,12.131578947368421,-13.486486486486486
54.3203125,420.4201680672269,172.54166666666666,8.036842105263158,-2.9864864864864864
79.3046875,437.8655462184874,172.88333333333333,-6.7105263157894735,1.4864864864864864
108.9375,436.4873949579832,167.29166666666666,-36.90526315789474,5.918918918918919
125.53125,434.8235294117647,170.66666666666666,-68.41578947368421,-5.54054054054054
128.34375,433.43697478991595,194.49166666666667,-84.65263157894736,-35.0945945945946
131.1484375,426.4957983193277,226.61666666666667,-91.66315789473684,-55.0945945945946
122.375,411.33613445378154,249.85833333333332,-96.15789473684211,-62.16216216216216
93.640625,390.11764705882354,260.3333333333333,-104.47894736842105,-64.48648648648648
61.2421875,387.07563025210084,255.59166666666667,-120.6,-59.67567567567568
34.6484375,410.6302521008403,241.26666666666668,-134.88947368421051,-54.527027027027025
10.546875,431.890756302521,233.8,-147.81052631578947,-68.44594594594595
-10.2421875,431.3781512605042,241.75,-164.42105263157896,-106.77027027027027
-27.015625,412.66386554621846,259.5083333333333,-172.98947368421054,-138.2027027027027
-34.078125,374.890756302521,275.4166666666667,-165.43684210526317,-134.93243243243242
-24.484375,324.00840336134456,287.025,-147.92631578947368,-100.62162162162163
1.9921875,286.96638655462186,297.05,-131.96315789473684,-56.067567567567565
27.8984375,270.5546218487395,296.6,-127.8578947368421,-25.486486486486488
31.015625,251.35294117647058,286.84166666666664,-137.00526315789475,-10.391891891891891
8.640625,224.16806722689077,282.45,-154.05789473684212,9.54054054054054
-24.453125,210.21008403361344,282.28333333333336,-171.33684210526314,26.64864864864865
-59.578125,211.58823529411765,277.85,-182.7263157894737,5.527027027027027
-103.1875,213.7058823529412,275.65833333333336,-186.30526315789473,-46.2972972972973
-143.3671875,213.39495798319328,276.4916666666667,-183.97894736842105,-83.33783783783784
-153.90625,207.05882352941177,273.18333333333334,-186.2,-96.58108108108108
-134.3203125,200.28571428571428,261.225,-201.4842105263158,-102.94594594594595
-112.4609375,206.1596638655462,243.76666666666668,-222.46315789473684,-100.55405405405405
-105.7421875,212.84873949579833,241.60833333333332,-235.19473684210527,-83.27027027027027
-112.8203125,198.6386554621849,253.91666666666666,-237.46315789473684,-64.24324324324324
-141.3984375,167.80672268907563,264.45,-239.44210526315788,-55.28378378378378
-186.53125,141.45378151260505,275.175,-245.3,-52.33783783783784
-209.8984375,117.00840336134453,289.9166666666667,-245.44736842105263,-53.58108108108108
-187.65625,87.54621848739495,306.01666666666665,-237.4842105263158,-56.16216216216216
-136.6640625,71.15966386554622,317.625,-227.25263157894736,-65.22972972972973
-78.6171875,71.28571428571429,319.9916666666667,-215.03684210526316,-86.01351351351352
-31.0859375,68.90756302521008,312.3333333333333,-203.77894736842106,-95.22972972972973
-20.625,60.78991596638655,296.05833333333334,-192.82105263157894,-87.13513513513513
-51.5234375,52.72268907563025,282.40833333333336,-179.91052631578947,-93.56756756756756
-97.609375,40.378151260504204,292.375,-171.56842105263158,-132.27027027027026
-128.3125,21.58823529411765,322.775,-166.05789473684212,-184.3918918918919
-140.453125,-8.815126050420169,351.89166666666665,-156.57894736842104,-213.3108108108108
-154.78125,-48.57983193277311,375.7416666666667,-150.1,-208.16216216216216
-168.7890625,-81.67226890756302,390.5833333333333,-156.96315789473684,-193.3108108108108
-169.078125,-100.57142857142857,374.725,-169.1,-191.7972972972973
-163.359375,-97.47058823529412,333.51666666666665,-169.59473684210528,-210.44594594594594
-172.84375,-82.39495798319328,310.39166666666665,-157.48947368421054,-242.8783783783784
-198.0546875,-81.01680672268908,323.7,-139.55789473684212,-261.55405405405406
-220.9140625,-86.96638655462185,349.0083333333333,-116.8157894736842,-250.47297297297297
-235.28125,-93.4453781512605,361.8333333333333,-94.10526315789474,-227.35135135135135
-243.2109375,-100.91596638655462,360.4916666666667,-70.58947368421053,-198.9189189189189
-250.3359375,-88.96638655462185,353.03333333333336,-40.27368421052632,-168.06756756756758
-244.296875,-57.97478991596638,344.51666666666665,-8.489473684210527,-145.16216216216216
-207.3984375,-39.63025210084034,337.34166666666664,15.642105263157895,-133.97297297297297
-148.4921875,-44.470588235294116,335.8,25.357894736842105,-146.1216216216216
-89.359375,-47.94117647058823,342.75,21.405263157894737,-185.5810810810811
-57.609375,-31.159663865546218,349.0,18.147368421052633,-238.1081081081081
-58.3515625,3.823529411764706,352.26666666666665,28.321052631578947,-286.8918918918919
-58.203125,38.529411764705884,367.59166666666664,55.48947368421052,-319.4189189189189
-35.265625,48.20168067226891,386.48333333333335,87.80526315789474,-341.7837837837838
-4.8984375,33.49579831932773,380.68333333333334,105.3,-364.9189189189189
15.8359375,15.680672268907562,358.28333333333336,108.06315789473685,-394.7567567567568
28.875,10.336134453781513,343.35,101.91052631578947,-428.2567567567568
25.421875,20.873949579831933,330.675,89.81052631578947,-439.5810810810811
-4.4296875,35.739495798319325,319.7,86.11052631578947,-428.2837837837838
-29.640625,30.521008403361346,321.8333333333333,99.27894736842106,-418.8783783783784
-21.1171875,-10.235294117647058,333.8333333333333,117.66315789473684,-404.4864864864865
1.0546875,-63.378151260504204,347.125,131.8578947368421,-375.6081081081081
16.1875,-96.89075630252101,350.51666666666665,143.58947368421053,-345.1621621621622
44.921875,-117.63865546218487,344.59166666666664,151.53684210526316,-325.68918918918916
92.8828125,-150.96638655462183,343.2083333333333,148.26315789473685,-322.68918918918916
114.5234375,-191.6638655462185,350.2416666666667,132.46315789473684,-332.77027027027026
100.8984375,-215.53781512605042,366.78333333333336,114.02631578947368,-354.0810810810811
86.9609375,-216.98319327731093,392.65833333333336,101.2,-385.4864864864865
65.7421875,-209.5546218487395,415.4583333333333,101.2421052631579,-411.55405405405406
27.9453125,-205.6218487394958,423.39166666666665,110.83157894736843,-418.1756756756757
1.8046875,-209.16806722689077,413.4,115.33684210526316,-410.4054054054054
0.390625,-214.91596638655463,382.9,112.68947368421053,-401.5
14.5078125,-213.83193277310923,348.725,106.50526315789473,-399.9189189189189
38.53125,-208.74789915966386,325.71666666666664,98.75263157894737,-399.8783783783784
65.1796875,-207.61344537815125,309.96666666666664,87.46315789473684,-397.6756756756757
95.734375,-218.10084033613447,302.31666666666666,74.93157894736842,-399.31081081081084
136.234375,-234.46218487394958,295.4166666666667,74.2,-404.14864864864865
156.53125,-243.3781512605042,284.1333333333333,79.39473684210526,-400.1081081081081
120.4140625,-252.43697478991598,273.9166666666667,79.3,-364.7837837837838
42.8125,-267.5798319327731,265.8833333333333,81.10526315789474,-294.05405405405406
-23.765625,-281.78991596638656,258.375,87.2,-222.86486486486487
-34.859375,-293.69747899159665,251.18333333333334,93.63684210526316,-191.21621621621622
11.0703125,-298.00840336134456,243.25,97.53157894736842,-193.04054054054055
